2023-01-25 15:52:04.550380451+00:00,0.266,ok,QmPgS1WyUNjik9PNfLTzfXDU7tx2bWD47rv2RCLfEfseEp
2023-01-25 16:08:16.662918040+00:00,0.471,ok,QmPgS1WyUNjik9PNfLTzfXDU7tx2bWD47rv2RCLfEfseEp
2023-01-25 16:18:15.764105705+00:00,0.257,ok,QmPgS1WyUNjik9PNfLTzfXDU7tx2bWD47rv2RCLfEfseEp
2023-01-25 16:28:11.941033288+00:00,0.093,ok,QmStY5wi4McxjRsJWz82vV1o7WSLTg4itiXqc83GfREQez
2023-01-25 16:38:10.291018480+00:00,0.536,ok,QmT2ZCdswPMwa7P78htNen2fnhjqGHd2PvThDAWVYy6kfp
2023-01-25 16:48:09.239925276+00:00,0.451,ok,Qmeb58RAqUqDw4ZZyYoxYF5snQLDDh7fFQHGKLyEtRHjwS
2023-01-25 16:58:14.292749591+00:00,0.360,ok,QmSc8th9rUaEw77F8TYGyT8xcRSK2SA1wUDSGAewTrHF46
2023-01-25 17:08:14.938813764+00:00,0.469,ok,QmZXzpNxoDfzHj2kvbS9aNTFRovdJShVdwKqHDpU9LDdfc
2023-01-25 17:18:14.141243247+00:00,0.650,ok,QmYPsRgR2f17XH8bk8rMS5FMmarcLmdup32XcpBrxSpzMk
2023-01-25 17:28:14.801675615+00:00,0.857,ok,QmQZoSHm93gK4RjFoedmUPetyYcLi5BiDGLKrLwRT35YYM
2023-01-25 17:38:14.983869457+00:00,0.394,ok,QmQLfKboXxepkskPnpgK24GsABmMyotPTgNVopxhhVn6RA
2023-01-25 17:48:14.416452428+00:00,0.559,ok,QmRiCc3YFVihQ8EDosWKy9k2iNPUk5gfgwaZLWYdziTWSK
2023-01-25 17:58:08.954224559+00:00,0.181,ok,QmWoR2sfPUQYyej4NCxzfxkc2EYrEfyzk4AT5A6rTjD5zC
2023-01-25 18:08:13.960712900+00:00,0.187,ok,QmPM2ipbT2q6qpyUwtZHKgpUqjV91ozNmWyf6YNhbSmmjr
2023-01-25 18:18:14.590878201+00:00,0.850,ok,QmTRNvq661Bb4rrVq2kDMixo47xmmMThqtAoW43XX1ALiW
2023-01-25 18:28:14.463853300+00:00,0.289,ok,QmdLAirXaEBARLuZpi38Sb5koXZY2XmLXqBghLXgtPKQAo
2023-01-25 18:38:14.357404047+00:00,0.783,ok,QmexGzbHGLMTR7nYHEj7bknyxApibXQkg6Msa3k55uA2Vr
2023-01-25 18:48:14.683345917+00:00,0.402,ok,QmZ5cHEyagSfyR5LkLPzaQVqR2mA8uLoj45upeZNWaPcn2
2023-01-25 18:58:10.627301954+00:00,0.608,ok,QmSjZzuK6FERybwvneonkpHKSxsadxonCWuAit7dxaQvhd
2023-01-25 19:08:15.561143703+00:00,1.597,ok,QmNXvtGVsF4kX2ACVD8EbpEH38ZUL3RELR9fWmu9YS8Wy3
2023-01-25 19:18:10.133160246+00:00,0.894,ok,QmNfyiVXjbGCqjXBJTDk6gxLP8MwgcMEGgk1LJzsgDSbWX
2023-01-25 19:28:14.156671205+00:00,0.854,ok,QmNLkyJhb7CWQWqK9QXN45vsNDnoBfobV2mtYMXwFpmNT1
2023-01-25 19:38:13.731801474+00:00,0.275,ok,QmZnaiPu3A6Q6Q89M8XpmpVdHeb7LpFVmo5XXaM5MbcvfR
2023-01-25 19:48:13.449228785+00:00,0.273,ok,QmUENXsbHKk43KWpoC1uQ9fdu28Qag2Nt63C85rUihhkHU
2023-01-25 19:58:13.319732074+00:00,0.630,ok,QmXo5mW4P1M6hsUArEHFVCnXNxh8YX3tjecGjD97A1qC5h
2023-01-25 20:08:13.667135294+00:00,0.312,ok,QmdX2tJdYdNpJcr7fFWteV5auw6CDMygpxCpXSGLjrpFoS
2023-01-25 20:18:14.468643130+00:00,0.389,ok,QmSbhM33dH3cVMi1sSqsYVBtvMyCys7ptTUZHC2WfdY82v
2023-01-25 20:28:13.364576383+00:00,0.168,ok,QmStLK7nKHzgGgFbuNZgFWnFt8ZQmkBtQ5frn6sHKXdsTV
2023-01-25 20:38:13.847483459+00:00,0.426,ok,QmUFFiUA5BbQG2TLfvyAdgKtuA6uijfJpUBWRgANgwXiPp
2023-01-25 20:48:13.727400264+00:00,0.136,ok,QmYyR3Y6kHWfnrcpFRtw2jNoiGMzCttMyLPaq4Q6MVrJo6
2023-01-25 20:58:10.956169020+00:00,0.250,ok,QmTZ63eungXyjBQg7gTFpmMedFv9rLSWPHPrhGekbrttzR
2023-01-25 21:08:13.793136834+00:00,0.313,ok,QmbHsRvGGgvG8pDs27ZGwefDjjb9ASkfHaDYxTvRXH5B35
2023-01-25 21:18:14.102630150+00:00,0.229,ok,QmRVFkTkaq1ADrRJYrvZYD5Yayw62uGjenFiEJTEB9wQNk
2023-01-25 21:28:14.217684661+00:00,0.183,ok,QmVH3Np8EAZ4ExBVvzf2BujQMusJ3nUwsY5TUy6aTnCggf
2023-01-25 21:38:14.037640820+00:00,0.619,ok,QmQyn4fhNoTXYiKhzAb8vqNYFqPBA846zEbe4eKV5WhoNv
2023-01-25 21:48:11.146613350+00:00,0.583,ok,QmP73CAgPH1tqnvgG6Pz8wo6sNfDV8HHSEEHyKLRLn92v2
2023-01-25 21:58:13.886376859+00:00,0.296,ok,QmX6Kq8m44J4dzj9ozcdgZzJVVzfekdMSYTniYU5PHzcUT
2023-01-25 22:08:14.254085755+00:00,0.720,ok,QmQ9Vnn14ygjpXUFLcWHoevYU8pgbqR4b7kkTTEffGjYLW
2023-01-25 22:18:14.711068167+00:00,0.310,ok,QmbmDBdoMrVXaG6xXNy9dYEw6TGXUvQLMHQZcTdynm7rQN
2023-01-25 22:28:10.023692479+00:00,0.672,ok,QmQNBs1XEt9eq8NT4JryEeRmmrz3eu9gA62bJa2Xm8Xur4
2023-01-25 22:38:14.410953172+00:00,0.590,ok,QmascTHJWgE6ZqKXSZFcPmeA2VxMhM5paacqo9u8Vh8ADm
2023-01-25 22:48:13.862914394+00:00,0.114,ok,QmcFRVxoEyEnRA4Xw2vbbuwvL4A6LH2HAm6W3b6BiZ16u2
2023-01-25 22:58:14.359385979+00:00,0.619,ok,QmXtEbKDYuu8fcTvuRUQ1SdwjrunxjuXyEHm9YUUYPEW7G
2023-01-25 23:08:14.909182198+00:00,0.966,ok,Qmf7HZXwVYpu9TFF5gHxfpYHRZcJcru7mQXTHKgHoFj3YQ
2023-01-25 23:18:14.424773439+00:00,0.210,ok,QmatDGtZHMNvvk8B4FvuHXSSG5hFx71K2hg2YAdwDCpaLY
2023-01-25 23:28:09.843216622+00:00,0.257,ok,QmVhXk9xyTkHBxrrt86gJekwcAAzebGdqokvfyZestAi4m
2023-01-25 23:38:13.623106746+00:00,0.254,ok,QmYPHLcu3zp4sWdXDg8qvUbG8VfXuQ6kWAH8ZsdbcjVbGC
2023-01-25 23:48:09.054887319+00:00,0.125,ok,QmYqzwkoW7depmBHkism6AukpE7cpCcsesTPNCNtWEJ6dD
2023-01-25 23:58:14.251170681+00:00,0.352,ok,QmQTXvbXGE7KRK5PxMFzc9geX1yeLHGh8c1jfACvrN5jFc
2023-01-26 00:08:07.084324736+00:00,0.654,ok,QmY2Uwy5KLisLtiCJJAbowJxu6wosnphPWzS6Z8mY4oRJD
2023-01-26 00:18:14.558014252+00:00,0.511,ok,Qma4CXhBh7cdcwGAvzbKL4DRKrGULiiGDU9V7u8URWnNwH
2023-01-26 00:28:14.829317127+00:00,1.142,ok,QmQ5dy3fP5yNHVSNEziGTiP3NgtEQY9n397BneWg278Ltu
2023-01-26 00:38:14.031754824+00:00,0.189,ok,QmZaE84sZVpYP2pGccMshTfsxKLL1z2oMimay6Gn73mwEt
2023-01-26 00:48:09.307636905+00:00,0.164,ok,QmUCD8HRpVxYX9QxqTHnq7ainyS3JPyQ6EPsexvTnfVAUM
2023-01-26 00:58:13.724476080+00:00,0.335,ok,QmNiWb7pZieK5qm3n8yi6HffYnsz2WiNgZ18rnB8rZSg2R
2023-01-26 01:08:10.082650175+00:00,0.348,ok,QmVen89Mz2epNh6NovKnXtNVisL3Dy3oRR9etT4WvzucYz
2023-01-26 01:18:11.579594345+00:00,0.228,ok,QmbiJR4notTQebbJZR4u2LxNgHTNqyhK46asxAnkUKW1kn
2023-01-26 01:28:14.349437029+00:00,0.991,ok,Qme4G43Nj8Rhf7kqm1kEurDxk2p6rUS9DFLB8oRXCx8Wub
2023-01-26 01:38:14.137835351+00:00,0.221,ok,QmTvqXo4xjRRXd65z62vEtLJVkmZNSG9YRBd6q8pHdjbUj
2023-01-26 01:48:13.341884013+00:00,0.627,ok,QmWR9wgbMGE2aXMUNurCGDsFSwY1NSk7kcrGtTGW4iN8xL
2023-01-26 01:58:14.183257863+00:00,0.304,ok,QmWrsWUFe9CL4PnSuvGa5i5SDj8X5RW6oVrcFFZDmbkPNE
2023-01-26 02:08:11.471530303+00:00,0.927,ok,QmUWPiNEJ6FHpCVDiH98qkZBdjKi7HRsAcbMPs2FB7FJpK
2023-01-26 02:18:14.432802476+00:00,0.717,ok,QmSpiNS1isqvwnfWyJsWn8aojNQbTy7fmLuqH3js2nbmJf
2023-01-26 02:28:13.800246370+00:00,0.524,ok,QmerAXTFQAnriUsxrL8GMmMc89KCYsVBYBoKAgUbZfYnCh
2023-01-26 02:38:13.859074508+00:00,0.279,ok,QmUFRuLYz4U3M4KNjb9do4fFQfEuifV9NZzqRs4fNfjvYv
2023-01-26 02:48:10.414995683+00:00,0.535,ok,QmZXKCiF3Q5GjdPb4zFje7gNJMt7ieXXVZxdnBuXUaWmc6
2023-01-26 02:58:07.744387069+00:00,0.850,ok,QmZXKCiF3Q5GjdPb4zFje7gNJMt7ieXXVZxdnBuXUaWmc6
2023-01-26 03:08:14.513775930+00:00,0.319,ok,QmYzVycj5NKUQY1Ygg8w67L22yfUAFhGyzmYJyiXVLQgUw
2023-01-26 03:18:14.028385900+00:00,0.489,ok,QmT9ZvngH94pg3kmneHmUBQun3zfMtrf8RKEtpiV275pE2
2023-01-26 03:28:10.987541720+00:00,0.512,ok,QmWPy9imhTH6fEom6shH3bp2h1VP4AAGqW5DVuQnPapCTE
2023-01-26 03:38:11.457856847+00:00,1.011,ok,QmfB7FwSEq7ZzPixwZgcpcP6LsU7bhmKfzJs9VYfpNsyYS
2023-01-26 03:48:13.654726434+00:00,0.189,ok,QmaqdmaDQvXxm81UjNg1wzDQMsANru9kSCT6dpRzyc98w5
2023-01-26 03:58:13.783470079+00:00,0.273,ok,QmRM3ruqJo3MSJtwRSesXufUM41vhsQ2rK5rkno8bFr7DP
2023-01-26 04:08:13.558404535+00:00,0.330,ok,Qmb765AjMyHRphe6PqPypjmsZvciZPESDUyE21qdkFgZHB
2023-01-26 04:18:09.919755649+00:00,0.400,ok,Qma62Lq4hWYTzKtJbMatjccawRHqAdtvtE7NujQLdJi3r3
2023-01-26 04:28:13.899622776+00:00,0.423,ok,QmVXXp9F5TyqoFwibKK638vuM1sZPYJqans5StLFjoAqP7
2023-01-26 04:38:13.816535331+00:00,0.242,ok,QmayNncTqipHDfUq1wBZQC8PfjC3SCaVzLtCG3vhtbeZj8
2023-01-26 04:48:14.175416167+00:00,0.269,ok,QmayNncTqipHDfUq1wBZQC8PfjC3SCaVzLtCG3vhtbeZj8
2023-01-26 04:58:14.112916654+00:00,0.228,ok,QmVdjvyTxh7a8uuhynheL2HdZwFoQnUB5nuDjBxQSmbYQH
2023-01-26 05:08:13.939960247+00:00,0.168,ok,QmZAvZ2aRwVYAExbHpsTSHGYbk5wvE4cGgtnt6ktsNUuzx
2023-01-26 05:18:13.815838267+00:00,0.151,ok,QmP5negnTeajWWowhkgyxTfbjcZmFGTyA1vGofEMs98T1R
2023-01-26 05:28:10.448269066+00:00,0.235,ok,QmTLY3EHttaw8PcpiSZeVPZWofMsFzKRsHDxduHWrUxG2b
2023-01-26 05:38:14.129668698+00:00,0.405,ok,QmWJyZsskj5w5FDt9eh5pWQbYZGmFxUxyAhmHKXVcmr8M2
2023-01-26 05:48:10.898006304+00:00,1.635,ok,QmWJyZsskj5w5FDt9eh5pWQbYZGmFxUxyAhmHKXVcmr8M2
2023-01-26 05:58:14.770187504+00:00,0.586,ok,QmUJ3Ej18RU55mKqEzxyR4ManEVD8LRUNq2QerhpqhTUuG
2023-01-26 06:08:14.315430658+00:00,0.492,ok,QmRm7QqefMzNinXdtN7Nt9om5sFGxWPnkxfXamvz9m2yk4
2023-01-26 06:18:09.470609389+00:00,0.223,ok,QmcAPYcrNwJT1wmjwGG791zyY7NAc9DDq9pDoaph8i2fRD
2023-01-26 06:28:11.389117959+00:00,0.224,ok,Qmc9QchGDBy2iPX41J44v3NrjFV55tUb2qFh5AEjZ9fQdA
2023-01-26 06:38:14.809395952+00:00,1.214,ok,QmSsfCrArkZT2bDhgcxwfCQePuSv6RxSU76RQAZXrhMxry
2023-01-26 06:48:09.212345101+00:00,0.500,ok,QmNpLaWvEHDeUhdwdASd9jcyaKiJEMryF7nbBEJequq2q9
2023-01-26 06:58:09.864796537+00:00,0.344,ok,QmdnQNpAj5HnskVboKt7B9YKXdHzYCiUP89cLtdgohDm6T
2023-01-26 07:08:13.560458181+00:00,0.103,ok,QmRCSkM3hK6ZbB3avq4R8jzgKGzfqN4sUpCJjK7Z71Ribb
2023-01-26 07:18:11.434297523+00:00,0.565,ok,QmPTeQzu1mLWQkm6YCB5YF9fM3Py9HBcY9bxv5wUjPoCbC
2023-01-26 07:28:10.425140992+00:00,0.702,ok,QmVTVyrn1h4HNU17wsnWGJc2ZGe5mHZWeA6S4J8HwmKKtw
2023-01-26 07:38:14.385408252+00:00,0.485,ok,QmWB9szbS8b1zyqUk3zjqnbN95g5bbVKmF3MTgsDdbqWFn
2023-01-26 07:48:14.194192397+00:00,0.688,ok,QmaoTzavJDNFokzov9YXVjPenondnxBdskC1bmz69DT7bL
2023-01-26 07:58:14.580039797+00:00,0.677,ok,QmeB1AsAnJHBqTswHYD8UocR5T8KQULchw45N5htfAcgFY
2023-01-26 08:08:08.499974533+00:00,0.898,ok,QmRtHEyCG5BJL5kksMcqRB5jFKr4Yi69gW96VAQHZdvV6s
2023-01-26 08:18:12.501274217+00:00,0.558,ok,QmW5aqsKxutFMt68UrJT1cfysrZNKxSTEAp9vsd8aYi7wr
2023-01-26 08:28:14.333146532+00:00,0.488,ok,Qmb8pgdNPbHgeW8GNMtXoNSrw3NVCANfZeZ22nD8iZqvEj
2023-01-26 08:38:13.834616428+00:00,0.238,ok,QmPNric1qYoU6EmM5CjJzCUiJVd1p6o41XevxNvpMsVWZc
2023-01-26 08:48:14.087860395+00:00,0.801,ok,QmXUZR31fUisnkfWmHWP6qGUwJMXxcXtWJPjvXXtB5WQXr
2023-01-26 08:58:11.082958524+00:00,0.209,ok,QmRp9i9Fbe5vgsSeRaCS5rc3Ky7mrNRvfDruzVa5cFR3wn
2023-01-26 09:08:14.455800900+00:00,0.565,ok,QmVjUAVYCzrJXk6dpJZdf681YAAg3REbpdXwG9yTf9U3kr
2023-01-26 09:18:09.602794732+00:00,0.447,ok,QmVjUAVYCzrJXk6dpJZdf681YAAg3REbpdXwG9yTf9U3kr
2023-01-26 09:28:13.925804163+00:00,0.737,ok,QmZPGwsMn38Xezr2Yy1TyWdnT2gAq8LDXtiFvAoE3Sw88Q
2023-01-26 09:38:09.344137962+00:00,0.725,ok,QmSJeDdW2iJgTKCiaXdYoQvsZz8CR7fpWMoBG7bA1qAiJB
2023-01-26 09:48:14.445723821+00:00,0.511,ok,QmWAciAfDFphWUu1CSSVTHCwRRiHydqoYprjpEpC6WQnSM
2023-01-26 09:58:14.283205946+00:00,0.360,ok,QmYPPeL5evyTcYHQFmkYcPZCyDwE1QgU2isjRvqPdh1d76
2023-01-26 10:08:10.726149285+00:00,1.041,ok,QmfNfGML1rzQnrWhne74AJDgdFYwRAKsUvNmwPkHnVGwy7
2023-01-26 10:18:13.737371739+00:00,0.700,ok,QmU4hqQHtHGox5HHjiy55WjCesW59TqLkhPK7ddkuLDeBL
2023-01-26 10:28:16.236101456+00:00,2.509,ok,QmcfjxVLYt1Vc3kDkJeoYNToeNJDWAWkhADxJtDWYyfx31
2023-01-26 10:38:07.646347019+00:00,0.191,ok,QmWNMKp4jTxAB55GRPh5hvAEdcADaqAkbDX6HbVFjVDGrW
2023-01-26 10:48:09.152142174+00:00,0.353,ok,QmbYNkShKy6zV7B2EJiWAjNzLcgGhzaVeVLK9HyXYBGnAA
2023-01-26 10:58:14.057967682+00:00,0.100,ok,QmV7JkXZZxtSEAjtTDAzUsFgaU3Z1DHG9vQhYQjyJX8D1L
2023-01-26 11:08:15.032125651+00:00,1.485,ok,QmbZP2KemnGdxBRSK5NHVp3vmTLwk9Kk8JqLRQVeUBuGja
2023-01-26 11:18:13.742445486+00:00,0.398,ok,QmZR8dna5EAG1xrMhpYLSF3PH2J1roPYktckv1nfXvhokJ
2023-01-26 11:28:10.657878016+00:00,0.775,ok,QmPGb5nVWe74epSAyciAodCUjQnrMgoNGEY9FxGMraN32T
2023-01-26 11:38:07.548736767+00:00,0.098,ok,QmTYmsNBe72poakMvtcK219wgTn98LLYUdApiqiEsp8ciq
2023-01-26 11:48:14.591744065+00:00,0.497,ok,Qmcpsg6tAotNFhtgVxAt6RCtc36qXArzNaHY9cmnGMgRJL
2023-01-26 11:58:09.191778476+00:00,0.420,ok,Qmcpsg6tAotNFhtgVxAt6RCtc36qXArzNaHY9cmnGMgRJL
2023-01-26 12:08:10.111999920+00:00,0.352,ok,QmStAJQf6WEcEdPpFJZe1crdEPxN3ewUv4DtzB48Ki1M7B
2023-01-26 12:18:07.617754424+00:00,0.327,ok,QmPRCHUjfRhGLrMNHv5kzzdW4TdVriTPntiV8NmVt9nSPf
2023-01-26 12:28:09.955613874+00:00,0.262,ok,QmVLALZepBahVHEvGQqnutAkxSu2WUKKwwWMSW3YPLxJFq
2023-01-26 12:38:12.408687086+00:00,0.441,ok,QmboKbtS5NozgN3NdYgQUqhQHH7xHz4hLFD3etKWK8zxn9
2023-01-26 12:48:09.935996994+00:00,0.428,ok,QmZEZQeFCqgtgddy9MggsSK4v2mCrez15WeHbd5GGirXdC
2023-01-26 12:58:10.975378329+00:00,0.266,ok,QmWzrm5kkEPSb9PhBoJPrnBEbYoEbU6arxVGhCUBE4gCS6
2023-01-26 13:08:13.864418200+00:00,0.242,ok,Qme1pF5GgX4TBQKZFLpgP9YvwH4dbekj2vybnaiCwnWqg3
2023-01-26 13:18:13.932565338+00:00,0.232,ok,QmZ2FRcEzkBmpFwjBD2j2JkJ2bZha33J8kHo1V4qszLN5A
2023-01-26 13:28:14.064210305+00:00,0.170,ok,QmYL8Z5DrH64h7ieZWkL1y6pf28w3z6FzYEBRF8uFXgjSN
2023-01-26 13:38:11.411534009+00:00,1.109,ok,QmSM7MD9pgikzxj6H8z7jkNXnVSxKBnH6j6T46CaWBvBJP
2023-01-26 13:48:14.493355497+00:00,0.652,ok,Qmeu77nBHTjy5WVcGAVLYrqKJMAbJvL8Haagn8sCT6rgHs
2023-01-26 13:58:13.773722206+00:00,0.183,ok,QmPiePkTjY1cr4LqGqtWf1FanPqoky7wEJJvc4H9f6EvzX
2023-01-26 14:08:10.651696800+00:00,0.516,ok,QmS4hPBLTf1nAgqt6HavY5yHtExw5zwkjAZ84RGGfvobFF
2023-01-26 14:18:13.385743369+00:00,0.181,ok,QmahrFVvzjtKo8vjYUTMfdeSzNTeoYQ8AsX13P71wPDF7v
2023-01-26 14:28:13.907161706+00:00,0.198,ok,QmV5gZXmWzDD2vuQeSxCRwoHwmcqBb6WH5hWcpLnxo9unc
2023-01-26 14:38:13.999315384+00:00,1.572,ok,Qmdv1gpfR4x7YiwwoNauHYxNhKBcWnCcacSbotcCWTcnYv
2023-01-26 14:48:13.625644411+00:00,0.099,ok,QmfQZ6C89wLcFKt8gZHU7FjHYzaskJWpiKie7jecZJz9JZ
2023-01-26 14:58:14.134139116+00:00,0.409,ok,QmZNDWzHhUgvVAt1fMRoEnDFiKYhjA5JnCAUuE6BZgBmF6
2023-01-26 15:08:14.083320863+00:00,0.462,ok,QmNNi1iF78GPeSdZjR2wV4CbhJJHWyM3U69zM2b2qHYxJN
2023-01-26 15:18:09.370366662+00:00,0.235,ok,QmRfvjqKV2xk1ACevs6biLnjreF7kiPn4WZi61tAePLV3z
2023-01-26 15:28:14.125283157+00:00,0.532,ok,QmaJFLpEuRY7TWAVAKK4nXtB46bQwwm2hToPDGh52t2vJp
2023-01-26 15:38:14.299860972+00:00,0.444,ok,Qmb5sKGmnpNRgQ7bGszxY5mymv81e7Mfd8Simn3t3E3fex
2023-01-26 15:48:14.215125224+00:00,0.580,ok,QmVrXGtYL4vdrhc1h8u6TBxuLHroJJDDoUcpeCpETtHgCS
2023-01-26 15:58:13.606036623+00:00,0.072,ok,QmYjHRDHwisRQFkoEUBEWeeydVXqNcB8MeMhG7GcYbwCJE
2023-01-26 16:08:12.470575583+00:00,0.953,ok,QmWFGfxP6PfoF3XQ4bRpG8EgUTRw8SMa69xunkX39rPXSp
2023-01-26 16:18:13.322126011+00:00,0.447,ok,QmRe6QjiDFaeeNLpDzTD1D5Nn9n6s6pfTA98nykm5cRJS4
2023-01-26 16:28:13.980299319+00:00,0.485,ok,QmXbM6NUiVvdYuPrvoSZozXGrhPVoSWQF7EA5w1GRhe1nw
2023-01-26 16:38:14.262725127+00:00,0.396,ok,QmWcjsHuUxxsm1QYk1vpfbsSxsyyyAs64LrRQL1nLycpzg
2023-01-26 16:48:07.390449465+00:00,0.279,ok,QmWcjsHuUxxsm1QYk1vpfbsSxsyyyAs64LrRQL1nLycpzg
2023-01-26 16:58:14.512145228+00:00,0.706,ok,QmPGyLmikkfxD8hLimH2VW3URXb9uUNot9gZeEjnDHYCzL
2023-01-26 17:08:09.854617437+00:00,0.143,ok,QmZye9poEntN8X4ULJ1MPgcRSJC8Y3CGUWnzRT9o5qD8y3
2023-01-26 17:18:09.218272917+00:00,0.333,ok,QmWwqw1puUk5Lk4kDgGQqnxD4UfUCM7eJ2DPUE9ghGNb9C
2023-01-26 17:28:13.932505719+00:00,0.362,ok,QmWwqw1puUk5Lk4kDgGQqnxD4UfUCM7eJ2DPUE9ghGNb9C
2023-01-26 17:38:14.424206047+00:00,0.135,ok,QmWTSVHsrSsxZ9LFZRPjAz3vZFya6f4r3vjPgymh3vzJPz
2023-01-26 17:48:09.159892310+00:00,0.349,ok,Qmdhgea9VYmksda7b8hkA1oCYg9ZuHc7J4ujgScNENK62c
2023-01-26 17:58:16.182810591+00:00,2.522,ok,QmfDnPESGFHqGzD1G4b5XV1Qme9JF1fAr5m8ZcWGLKGDWR
2023-01-26 18:08:13.241023553+00:00,0.140,ok,QmbMFotD7Jn36B1uaErdG7uB7YfzFHGfKdSuPAWoxKLgRP
2023-01-26 18:18:10.220365386+00:00,0.197,ok,QmTzqLfAqMomfjgrZQ2hPUACvRo1onB2DdgbHCtKuZDkJu
2023-01-26 18:28:14.380363147+00:00,0.725,ok,QmazUqcYkHvLsPPb7G7u2ReogfjtuKDQNsb1JtEL1RNkBd
2023-01-26 18:38:09.163014922+00:00,0.362,ok,QmapQiFpkiJUZWsWt98ZiJ5JnJVzEoRYKmVTdCMpNtojdJ
2023-01-26 18:48:14.216251358+00:00,0.465,ok,QmZCXMd9MijJxebqouMVtU3QihYxHxMVTABuJ9XG7TsmPg
2023-01-26 18:58:14.979197281+00:00,0.955,ok,QmVXzGyvoG19oVKZEZXeVHf8GWcn8dhPzyLJ2igNqokfRe
2023-01-26 19:08:13.901544329+00:00,0.283,ok,QmPUYEt4iYNpLziJTFdVaLDPC1HKG6ABwEJY52EHpMpRb2
2023-01-26 19:18:13.214282828+00:00,0.968,ok,QmWAVq9cKS4pWqogjjWto2CKRwivSC8uwaAopYuCEBNmyX
2023-01-26 19:28:13.453715056+00:00,0.109,ok,QmXBxNeSp7ffruWTJYCQn7FPD51D28W1FtGhMV8ss1BH1u
2023-01-26 19:38:11.101597213+00:00,0.138,ok,QmcMA6xmsZ6r9zftCvnr8hLA4Np2nrRnAxv1YsuB2gnFxA
2023-01-26 19:48:13.163994265+00:00,0.503,ok,QmfTcmYyDeiy56qi7Y8X5j5tHwMBm1hsmMkJfPaQ9fSFtT
2023-01-26 19:58:14.094870261+00:00,0.602,ok,QmYGQNGAYc9ADYajhjPo1Q71EGrgvicBcrdm2mzkAtMLDJ
2023-01-26 20:08:14.505414896+00:00,0.586,ok,QmcmFYeV22UaJyhcNRtBFHBA7PDzoK4DeoQtN6ajmBWa2n
2023-01-26 20:18:13.772917580+00:00,0.588,ok,QmS8mcSmk7UqMk4Fs45qz9e9wspgv4bLB4crgkM34ysK9U
2023-01-26 20:28:13.724358886+00:00,0.340,ok,QmfPE25CQPsvJGffeGNVHs55AXYDXj2Bn4xhhHPKh77wCe
2023-01-26 20:38:10.524659129+00:00,0.537,ok,QmNUhY7HpyfKidiUTyiNpHYMay4fcixzCTXt1SAxGSHsKf
2023-01-26 20:48:12.811416481+00:00,0.183,ok,QmSbPvxEuqie4cGe9poNEhG787QV2BeSTa1GPATB6bqf6U
2023-01-26 20:58:14.079006963+00:00,0.521,ok,QmUkBVKRX9tbbRKMsj2jCGaFchsyABZppRVBAqFDGSu5q5
2023-01-26 21:08:13.495780408+00:00,0.345,ok,QmUkBVKRX9tbbRKMsj2jCGaFchsyABZppRVBAqFDGSu5q5
2023-01-26 21:18:09.249296143+00:00,0.599,ok,QmPYvyRiwWVBx6LsCe6AHzHgAFc4hDmMuszfJN8HcmHc6a
2023-01-26 21:28:13.357809004+00:00,0.280,ok,QmVV1vUPsNodpu2mY7cE3QC68ftyGBQTMqDW9fBJqsQWvg
2023-01-26 21:38:11.618455632+00:00,0.227,ok,QmUJNEMoB1ieTZkqzXQ9DxiyXmWQ6idjzfXapCbP41LQ4j
2023-01-26 21:48:14.104369344+00:00,0.305,ok,QmT9tC9YoN4ReKeQmcArifvK6uSELjMS5Zc8sFFnU1S1yA
2023-01-26 21:58:13.377657963+00:00,0.457,ok,QmRvJtxpmQVrwz1mBEr2LbMUBniHKr4a41WLWYSjNBmZWS
2023-01-26 22:08:14.118393625+00:00,0.236,ok,QmYw4cqfFS6XQmPq2qEksGdAtQ5XBneGbuE3yacR3mYQfR
2023-01-26 22:18:10.596170813+00:00,0.699,ok,QmTfaqo7KEnkF9bJ8YRp9Mq1Sh5C6aBbUW1Am1WfpjS8wh
2023-01-26 22:28:14.505376515+00:00,0.647,ok,QmYw4QmgV3iZGT1rUPaGSBfefaAZW7yvbSZAwxSNUVqq8G
2023-01-26 22:38:11.414586218+00:00,0.336,ok,QmcgnsohRd6KzVknEGGeffkRGnjZpCAeSLfHwQS1Axb22f
2023-01-26 22:48:08.954446751+00:00,0.915,ok,QmZRoCAX5p58RtRdrP4t96hGLipmRPL8ZruXia7vUwVgnq
2023-01-26 22:58:14.145956354+00:00,0.543,ok,QmbhGFBt6Hm4Mp7ujWYooafXnDFdXNuaWKSUHBtNNh9Huw
2023-01-26 23:08:14.347452856+00:00,0.741,ok,Qmauq2xBok4dmmJ2tuDWUqGjjxxvDNVs1SqHdbMrp3Kwcv
2023-01-26 23:18:10.621492396+00:00,0.158,ok,QmU8whycT25G7rpbr2PSVcLtJegNwk1En5m9VzSf8xgf5D
2023-01-26 23:28:14.831805171+00:00,0.716,ok,QmbE6HVRMBxErbfthiz61YPVduh6RJ5hYVL83xwqC5gVGn
2023-01-26 23:38:09.967138392+00:00,0.350,ok,QmV3sEhgGddcPQWq25jVDzBQLKuUH9rfCFSaTA3KRo62fq
2023-01-26 23:48:10.074391930+00:00,0.188,ok,QmPne61daas7Xtz1XKA4T44o5ydsmWCn1R5fixHk1QkS7E
2023-01-26 23:58:12.232347265+00:00,0.583,ok,QmSk3tq1yptwPmQo5TcpRjpGH4rM3ppAGqW3MgPTtCfoQc
2023-01-27 00:08:14.048388863+00:00,0.255,ok,QmXKrG4Yt9Wd54q4Tb3AZDF9PxCN4qDgcMWavNRBhDVrU1
2023-01-27 00:18:15.006942671+00:00,1.645,ok,QmSgDikDRiF3k2gFByiVgcjXfSCdSCkQF1YhcB9QSYhsKY
2023-01-27 00:28:14.361549808+00:00,0.718,ok,QmXtTSzMgB9Nevnksq3CiNwxera4sYsBcWCjLDne6JY4Kf
2023-01-27 00:38:10.194157111+00:00,0.238,ok,QmQmhbVTc4VJHWfKoNgV8NeKb1bGMaFSJKSqGDvxpPAjkx
2023-01-27 00:48:14.386270256+00:00,0.626,ok,QmdPUi6QpYUcshouRMbbFVed3z2JhwqD25pHQgh5QuxEji
2023-01-27 00:58:10.757753985+00:00,0.367,ok,QmS5iP834PiqsFD1AGjB3dDWbdq9bVjShMqQ4Jgd173RGw
2023-01-27 01:08:14.268838329+00:00,0.812,ok,QmZZGNFMm3iZoZupWRsTEJYAN17yp7YiiaZXd1W8kie2FC
2023-01-27 01:18:14.624771819+00:00,0.388,ok,QmYpXvTJYU34chMr6rw3hzNEVNFJHEpdaDv4LbwdiabrLQ
2023-01-27 01:28:14.099692686+00:00,0.198,ok,QmabPfQ3RVJgF5amj3TEaCAj7ZuxS2wfP6jzLB8YKFvz9U
2023-01-27 01:38:13.886647437+00:00,0.244,ok,QmNNdBQb5UURR6vzG7CbNtwhyhP4KhUcvJxerkHsCR5z3Y
2023-01-27 01:48:14.244891163+00:00,0.334,ok,QmYGDXfbT8kA918PcHAqSAPqshMXjF2FWCpf1iWYY1amUM
2023-01-27 01:58:14.224749298+00:00,0.244,ok,QmNaD5HpAQwpG97cbS4STpbf9sC2YqRtzjEVa9GhkQqqJJ
2023-01-27 02:08:14.091651093+00:00,0.526,ok,QmNamPCCpwJ3AKTiqgALWVwZXQUFhUCYNoCAC25vxL8U99
2023-01-27 02:18:14.180270374+00:00,0.223,ok,QmZhgc4uJEmVKPFpiFcCC51iG7kCWQD69Bw3iECbZYVqf8
2023-01-27 02:28:10.708843126+00:00,0.235,ok,QmNk8XG7WVM5Yjr55XFvY5Z8wuothaCN4G5Um99YgphCXb
2023-01-27 02:38:14.242606222+00:00,0.684,ok,QmY2CCcwohvHhjHesiyrLbtYgd1fLxCkDpxuZ5tiUBLrRP
2023-01-27 02:48:09.479653362+00:00,0.607,ok,QmPSoWi5QBP1aY9rW7CB8iDPkVLCwsVpHnGLr9bHeEjzYS
2023-01-27 02:58:13.668119505+00:00,0.243,ok,QmPMuWx1jawnCv7vH77XBVLbMpX4JrhYPQ3iuSwUk4LPXC
2023-01-27 03:08:14.258649285+00:00,0.432,ok,QmXAx7TaASaMzphq7i3hbvZuk8aoa2w53RSH1GVggZxFSZ
2023-01-27 03:18:13.354892438+00:00,0.223,ok,QmRvPqzLSsRfYv2UC7cuDGbwS176NA5tU8sZRWHEw6X5DT
2023-01-27 03:28:09.292776353+00:00,0.197,ok,QmWJdrmYiDhvHjBvZ82wy8VKEwoN614P5uGXZTuMeKp9SH
2023-01-27 03:38:13.378314172+00:00,0.100,ok,QmPFPZbjLM3PLjiUNkkVBCgT5uXxtkDvNECSUUHaXWUPpu
2023-01-27 03:48:13.220189164+00:00,0.124,ok,QmZpHD8iq8b2c5uFPspSGA42TKUbzS8tbqFYqaLuABqMiA
2023-01-27 03:58:12.804329343+00:00,0.249,ok,QmWbv4xgprGPLrxWCgUaNzSdsQ5nrkRvKyerfJtLhy9iPi
2023-01-27 04:08:11.315503161+00:00,0.537,ok,QmPSJHJQxLP9g2FZDhRPPV9Nogyob3y1XUo9iiqRToYn1H
2023-01-27 04:18:11.806790939+00:00,0.111,ok,QmWuzEfg4J5qtq8CeJrS6BmrhV72wcE3PeQ8dDswHpcKRD
2023-01-27 04:28:14.253712319+00:00,0.566,ok,QmfFtpwCA7RhKJhvuJSbG6H3AdAggc6cmUj2kfdYbX5KzF
2023-01-27 04:38:10.492301927+00:00,0.499,ok,QmXDh6NazbdpzFCD73Xxxn5BB5LfZuFA6dmZX9vVXQvJAX
2023-01-27 04:48:14.267717160+00:00,0.449,ok,Qmewo7s5Fmy3g1h6MXAxGfdbAuCrsrd1NcKeoZ6BLG85jo
2023-01-27 04:58:12.007684668+00:00,0.101,ok,QmPSXLdmrNNLeDKdw8Jtq4hoKmXK3dSs1ycTvbcHmj5cS1
2023-01-27 05:08:13.745150307+00:00,0.196,ok,QmVKpQNpfbKZDDppPXLdUo1mcXS9otf6fb72yxemdgpoze
2023-01-27 05:18:14.589861725+00:00,0.476,ok,QmVrS51siezzpoWsB3cFdAeD55oYEJzEhqVJ9KZTAXvLKR
2023-01-27 05:28:11.983498678+00:00,0.244,ok,QmUMoyRrjtrk9tnskuN5cC5fxNKqwMJDoL9XwCzM81cgAd
2023-01-27 05:38:13.784854710+00:00,0.138,ok,QmZsANzJWRs1w2YJ3zUPkmob7SLqHWUqNorDX6GkxuAyyC
2023-01-27 05:48:14.099181947+00:00,0.494,ok,Qmcrro4d882LDJB7SZG3WgjDEGjNf6W5Yf2BTfwGp82cas
2023-01-27 05:58:14.475269698+00:00,0.364,ok,QmSJiDd2Yd2tF9o8Va8vsUduneAgMrBHyd921ChKYqNp1i
2023-01-27 06:08:13.835115715+00:00,0.261,ok,QmRfRNy2QKxbhibWHu4FAmxNcy5i2Z72jthVogDwcvfGSj
2023-01-27 06:18:14.614338150+00:00,0.710,ok,QmVGQaLH9ehedvmPpRq6MXgqmvtr4paZUxt2ApbxeLGeG1
2023-01-27 06:28:14.619429062+00:00,1.135,ok,QmXWeBnJSmXWephcvBiX3XbdsMap7Xk123NCqeq8HHkEh1
2023-01-27 06:38:12.599638187+00:00,0.199,ok,QmeLaXf1yv2cqrC4QV343u13aUhHuR4t2xmrJNufFfZKYb
2023-01-27 06:48:14.357065246+00:00,0.579,ok,QmQswnWRAFarojp3kiCfzQoMmpuopLJjJCQHDEkwFnHJco
2023-01-27 06:58:13.965966229+00:00,0.227,ok,QmdWbHgLiYQn3ENgv7qPsvG4CA1xkTd6oPomekumhCYGuu
2023-01-27 07:08:08.079135629+00:00,0.478,ok,QmVwcMwTDZMAwVad7CiHkhGgQrypdk4w7xgDwhbbuL6j2i
2023-01-27 07:18:09.998853988+00:00,0.154,ok,QmVviQb2H533mMVB1ASD1Nwt4A9CJ1rEGQQJJi5youFKDo
2023-01-27 07:28:13.466538997+00:00,0.344,ok,Qmf7iauMfYbv7o6XJrXrQVSaDNWQaifb4FjSAybXXJkjNC
2023-01-27 07:38:12.843855447+00:00,0.574,ok,QmcrsxviVTXaK7awG3iMmSySyaS5sYACumTgFcABaQqN9P
2023-01-27 07:48:14.355806625+00:00,0.509,ok,QmQM3mSGh9QvzeSYi5irocDiyEd3FiMtFoZAFUEU8EURaP
2023-01-27 07:58:14.382479348+00:00,0.773,ok,QmWncCADXYgojGvuhAgUZkd9dETswJgDgz7fthGpCZtKbW
2023-01-27 08:08:13.721367175+00:00,0.116,ok,QmdzzjuYuvRDtYDYkRKCpYXTCvc72CxY1aGo5KrFn4Qker
2023-01-27 08:18:09.176200449+00:00,0.283,ok,QmU7PPsgfd8cRB9oxkNv5HJ2pqzyT2Djuo7sysDdXrbWhi
2023-01-27 08:28:12.245984574+00:00,0.554,ok,QmW2Awg46fEn5qvjxWCpxCG9vV6ZBasENqdrLeYd4URmyn
2023-01-27 08:38:14.354757367+00:00,0.732,ok,QmVq22wJWWkt87dJg71JQ7tmv8NRMpwPCs2Uzu3LeSp72z
2023-01-27 08:48:10.187293810+00:00,0.625,ok,QmaYok4cypciYzNFTp1RytohvjPbV7UEHBgHHoWRo3SEc8
2023-01-27 08:58:13.806778936+00:00,0.477,ok,QmZmLk44y9hwheji9iFhpvoCK7nm9oL7ST5J6LGQoovoqg
2023-01-27 09:08:14.296381151+00:00,0.452,ok,QmZmLk44y9hwheji9iFhpvoCK7nm9oL7ST5J6LGQoovoqg
2023-01-27 09:18:13.384563984+00:00,0.786,ok,QmT7GH2ZnQRnNqhzACqUcYt2HrFfHiCP8zpEGRFQBW5SFJ
2023-01-27 09:28:13.409675046+00:00,0.263,ok,QmeojnSVr2FXRwwUUha1gGb7eyjffSwuJDipb1XDzaPkuS
2023-01-27 09:38:14.772358161+00:00,2.040,ok,QmZyVjP1tEcxiHEgqoNRaZHnj8U5XMVxwNeeXryNEpkp4w
2023-01-27 09:48:12.789166612+00:00,0.232,ok,QmWbQ7D6uTRgHTjo2NKeRCUfjWMSY3Q91vfJMxd24eQhew
2023-01-27 09:58:10.810298754+00:00,0.770,ok,QmcJxTE9sa4pjpXtQ8KMhSYU7JuehTp4BQrTy3A9xterD5
2023-01-27 10:08:14.142799892+00:00,3.964,ok,QmXK5Tf3vDsJuWf8rvuvTD9Bq9xkCDh5em32sjp1pMdzFA
2023-01-27 10:18:12.641307275+00:00,0.428,ok,QmVeRqB1EdQjKDbtaLeAiRn6WqMm8vcKwNnfKPEwejXeF1
2023-01-27 10:28:06.106924718+00:00,0.247,ok,QmT96bPWihNWETf32KY87DgcqdPfpG82J8YPPDs1fpBcZQ
2023-01-27 10:38:13.891381776+00:00,0.270,ok,QmbDjXe5XPbo6qHrhJNiY3Uk6u3641og4pgkYHZfQQcyfg
2023-01-27 10:48:11.268386292+00:00,0.951,ok,QmPpB6qPsWWLQZd2SyFvxQ2n2wPZ7ozHdjAxCLgHBrsWFZ
2023-01-27 10:58:10.072264274+00:00,0.449,ok,QmbV8o2bUZpqW16M4izxN7vqJnfubtK7E6fH9Aj5wUsatY
2023-01-27 11:08:12.977644641+00:00,0.619,ok,QmPsyBnGZe9ARYzk2vUnmKWubdsufsFBrP9DZRpuNHbo8Y
2023-01-27 11:18:13.374592621+00:00,0.173,ok,QmfLT4kiaa2AXY218dReLi36EzkNmizbZ4XvfAzypP1a8R
2023-01-27 11:28:14.165097019+00:00,0.646,ok,QmSLqVu9i9gBgeVgrhfP4g2ghvS32x6VFWmtMDgh4U8EhL
2023-01-27 11:38:10.757564588+00:00,0.443,ok,QmYFFvzoojnvzNDsoBVcjRosF7igmRfpXtDgtuByzvrq8n
2023-01-27 11:48:13.144638990+00:00,0.959,ok,QmY5S12ty3KwzUjEUmKesvefSARshPh9Vqc6d1y4RXscCQ
2023-01-27 11:58:13.708405929+00:00,0.382,ok,QmTEWvWzv6u8Jxzh18mgRCdrRkjfRe1jr7K647fwcUxTCC
2023-01-27 12:08:13.895538714+00:00,0.085,ok,QmWV2LEcBzLdTe4vPs2CwSWw6Ps5Ezd9WfPHXrPSwEkJL4
2023-01-27 12:18:13.971088845+00:00,0.473,ok,QmVZRfhU5P1fPSNER7MNiGqjKVzu8tGGExUj5s8vd9CZq1
2023-01-27 12:28:10.687701690+00:00,0.193,ok,QmYruvUGJUzNEt8ei5FVtBPoawGZuxTSv1uM6BQGEKDN3F
2023-01-27 12:38:14.123191966+00:00,0.396,ok,QmeaRC5BGtF555D9ZUMuWcDxg9DCNfdc2HRdZZKXetnFY5
2023-01-27 12:48:10.472363235+00:00,0.139,ok,QmUG8Nux1FVdLLXd5pREszPUvozEtGWNfYneJ5T4RiBS8j
2023-01-27 12:58:14.295917860+00:00,0.481,ok,QmX1rbUL2uSuaRYpRGQC1oszZ3NDvGm1GBDAcmiSvq2x1f
2023-01-27 13:08:10.232553245+00:00,0.452,ok,QmZW8DtG35f7kum6DN7dMrZb7YVr9Qp2Uk7mkM7VVUYGyp
2023-01-27 13:18:08.821656567+00:00,0.204,ok,QmcYwVY4CdoS28uUpStvdyw7WzrAUhvZE6FvSPdvTARuRe
2023-01-27 13:28:10.890666333+00:00,0.435,ok,QmbVviF7GGxS2YNwH6rqBN5D1x8CbdHpeSRe8PbgzkxYEJ
2023-01-27 13:38:11.220525544+00:00,0.274,ok,QmUV9x79aeTjwsP5kArch7HrocG8ebtRFJ3cUV86eHKmRJ
2023-01-27 13:48:13.917599958+00:00,0.265,ok,QmUV9x79aeTjwsP5kArch7HrocG8ebtRFJ3cUV86eHKmRJ
2023-01-27 13:58:09.378286165+00:00,0.218,ok,QmcWtMrsUu5A9TSbqAqKFV6qTZgYZoJAVcpsgzLavhaZDv
2023-01-27 14:08:14.280633907+00:00,0.537,ok,QmUUbScwRxnUKE2Yu3MDcCGL6b7UTRr3eFZojrEwNBGfXn
2023-01-27 14:18:13.940047960+00:00,0.564,ok,QmPhxGv77oJL34uiB8hxnQy5ffRT8qoRnZoGJXaWTiHcqv
2023-01-27 14:28:12.127320689+00:00,0.479,ok,QmVGHuFjVHP81MfVDnKhiVSt8aER1VzqKLdfdmkGzXdMME
2023-01-27 14:38:13.745576922+00:00,0.137,ok,QmNjiAen51TXUNomfcqxB6jcFdwmSYJm8jenNqoywK5DoP
2023-01-27 14:48:10.722911889+00:00,0.227,ok,Qmbfe6BCHd4ENkEZJs3ZCvXgTz9Jm7ZwNmp7szJNVfGzCq
2023-01-27 14:58:15.036000640+00:00,1.224,ok,QmXNdLVsVjHB752QtQWd3Mx6JYyhnuEBPGLM9fvh3RECru
2023-01-27 15:08:14.123538617+00:00,0.478,ok,QmR2pjVt84YN5eFN5zciBJrAPesZrgDE9KPfVDgnT8bJBR
2023-01-27 15:18:11.302172398+00:00,0.161,ok,QmbXXpdWrCzXzeteaC9m1omZcky9AgyDZV5SdKojshBxPx
2023-01-27 15:28:10.664035762+00:00,0.364,ok,Qmaot2xQDY6a7vW89WqvwUzouKKExCeje83ET7oJ868o6i
2023-01-27 15:38:14.449073344+00:00,0.999,ok,QmaGx9hcERBrfQPSPMKN34uKiMzB1fdJ6rJPqxHCqSc6kn
2023-01-27 15:48:13.575946839+00:00,0.185,ok,QmTScaP1xV7dTTVzFqaLtnJtHHDAuRxfrJRGDHLKk7AeR6
2023-01-27 15:58:14.291857846+00:00,0.545,ok,QmY4fq1qLiYFyRU5Ab1Prc42nDYYKcQUoncfSuppVhLdn5
2023-01-27 16:08:10.814353116+00:00,0.316,ok,Qmcgqy7UP2DjztuMgcrhZTYJwJdfMrUdthiJE9GvyiCsiZ
2023-01-27 16:18:10.576660965+00:00,0.469,ok,QmZ3FTDt6xJZPCYDcBr9EaEevp4AQ5iskE9WHwvvaYG5zd
2023-01-27 16:28:14.851939514+00:00,1.065,ok,QmZJkmZb2Q614NkSrMDGLXNpHPBXUQAkbftUibE1nzs9Ki
2023-01-27 16:38:14.261897791+00:00,0.249,ok,QmPwHSzRMUJH4KhdCrJ5J6psWfpND13eswyLZmL2MP1bmD
2023-01-27 16:48:13.993677580+00:00,0.805,ok,QmRYNBsbKwezXNcKPVtEwoFB7iKUauwTwcjjnDp4kURC8E
2023-01-27 16:58:13.450873740+00:00,0.184,ok,QmSposcDB6rtphjCN5KWEHsSEMoaxEs7UACkVemAPWhgDb
2023-01-27 17:08:14.009199471+00:00,0.083,ok,QmTbJriGiyU4EyuPk4DwP1ACtaM8szCVzHE8oLqYDyEg6F
2023-01-27 17:18:13.648896299+00:00,0.213,ok,QmZwE6sGGcq2axhaQGVoX3ozaH5dQCvBC9o75QJPY4iZmD
2023-01-27 17:28:14.043328348+00:00,0.286,ok,QmXcaT9FoVonoV5rKqcDZJnicM8RQqGQ8DRyry1CWBtgBr
2023-01-27 17:38:12.759469053+00:00,0.273,ok,QmayqBQatC73d9A9PjKpYobinKDwTDUugiKb1fXmbDtCrq
2023-01-27 17:48:13.781055208+00:00,0.221,ok,QmeuSQ7k7VTuzqqchKGV2qcUdtcN11FNBranA2yHChMP1o
2023-01-27 17:58:08.173238514+00:00,1.226,ok,QmRfmkqCGFgLTFAF5RkWYFocXrygurSQZPpkCBeNden74Y
2023-01-27 18:08:13.621155464+00:00,0.437,ok,QmZjaeJunxS7767j1SYX5qY9puNjvRFTXyEfoYydDvhpdC
2023-01-27 18:18:13.824798431+00:00,0.332,ok,QmP6i9WzbPaS4igki5GTH74UTGKscfEe9g2Xe92s7Ycwwb
2023-01-27 18:28:06.932112743+00:00,0.172,ok,QmNfqRbDKtLA7MYoXHsJ5bzUzMfJ2Ygk8hn1uvRPfA7Nvc
2023-01-27 18:38:13.926956315+00:00,0.187,ok,QmPEqUj2mHX2Esbd2JxjbjFSVM2dFD7hCa4Hj919nsez7g
2023-01-27 18:48:14.684649369+00:00,1.076,ok,QmPEqUj2mHX2Esbd2JxjbjFSVM2dFD7hCa4Hj919nsez7g
2023-01-27 18:58:10.662709498+00:00,0.279,ok,QmPEqUj2mHX2Esbd2JxjbjFSVM2dFD7hCa4Hj919nsez7g
2023-01-27 19:08:13.530796637+00:00,0.142,ok,QmaWy3xRu7i8mrPCRCccvLGrittGFbWWSDFkerq7UxqFu9
2023-01-27 19:18:14.689121761+00:00,0.386,ok,QmPPXHi5ZgUtUk7RgoRkp6DXjHMZmXwAUACj282NdbMykT
2023-01-27 19:28:13.937200350+00:00,0.340,ok,QmT4ibXeiYKMkrkDvdZckE2zy8wXzuWBHNwA5ZyJLcJVNk
2023-01-27 19:38:09.334292611+00:00,0.187,ok,QmXTrd9fz6qgmH3P1rGkMQ1zyEVeM2PUmbAPW3Kej8QKYA
2023-01-27 19:48:14.488623445+00:00,0.547,ok,QmaumfbwePkuNYWUTbGSTDkat6hjBWkEiEzZvj4fW55MTW
2023-01-27 19:58:09.936122108+00:00,0.268,ok,Qme5cuvhBn5mr5iaGDe7PeBPEgjuQyeVWaPbYn9bTyc3LL
2023-01-27 20:08:14.192461320+00:00,0.254,ok,QmYa8kGCvuz3H1AbSNrQiNBkcvkXxA1YjcAUUbTJWjWcko
2023-01-27 20:18:14.791144312+00:00,0.493,ok,QmYt62oSATX8fQhD7jF9Cq1oM7sk8o8EBK8UQoV3USoX4K
2023-01-27 20:28:14.122135408+00:00,0.116,ok,QmQL1KePr8cBkBjg59QV9UkE6wgueSJXN2jqr9gyHGEfrw
2023-01-27 20:38:11.396570732+00:00,0.452,ok,QmP2mUP5TjBqzj4JhfjxgjRKUgVFKkVDC2XGhSxxUcm5pS
2023-01-27 20:48:13.281521014+00:00,0.251,ok,QmRS8ULrdcrHGXBu8FBp67Wa2erFkAo8ucDoEuqZeMqzbB
2023-01-27 20:58:11.701935380+00:00,0.301,ok,QmaDb5wWkrcrr6R2b17ZiYUZwWHFNR9AWELviguNGpsLvM
2023-01-27 21:08:07.603660682+00:00,0.981,ok,QmVFhjSHjeX9cJbXtsZPfdiQDcA6eFnBZ12WdsqVKGoyvt
2023-01-27 21:18:14.226266357+00:00,0.787,ok,QmaYwaD29EhuRwsWPv9oHBUP5H6Dfp8k33LK2tphEuZV8F
2023-01-27 21:28:13.978426342+00:00,0.251,ok,QmfCCurzTa5ATobou7bgTDRAXjCVk5QboUa6rCB84ktCmJ
2023-01-27 21:38:14.226159152+00:00,0.923,ok,QmUxVtfrpcuHYhBwd4hMkm8aZt9Qd4itTn74GDGTsfRSGC
2023-01-27 21:48:13.519649694+00:00,0.151,ok,QmRaKA57uwA7wx1RmSYn41z2hGuQPj3H8SsJ3o99Yba5KW
2023-01-27 21:58:13.933263839+00:00,0.094,ok,QmWftL547AqvHdsiNS798Jqa23HnQn4rMJGcTTxMEi26WB
2023-01-27 22:08:07.543519837+00:00,0.759,ok,QmWfSAFrb9tPNUYNtyQzm4P7GXnitPXutFqRzrvf5bs3Z1
2023-01-27 22:18:14.322418739+00:00,0.555,ok,QmVDrjHXBKrcqK2sBxWBXAVyZa6WjQr4ch1z62ReXU8XQT
2023-01-27 22:28:13.876673294+00:00,0.231,ok,QmdPWVpBEtWShzJWxAgWZTyEV68A1dpBe38akdiEoyHPi6
2023-01-27 22:38:09.872317543+00:00,0.358,ok,QmWBS9CHy8rFzvTNeNvTNGdN6XqLeBWYa4178ovBCcLzhC
2023-01-27 22:48:13.784741764+00:00,0.182,ok,QmZzdZDS8e4NoZAHMgafKTCSzvZtrGKkV7NWtaPReN7Z2W
2023-01-27 22:58:10.626811841+00:00,0.112,ok,QmSoa67F1dkSbHami44fVFop46kWfzpstX9NWpNMziWRsr
2023-01-27 23:08:13.905918361+00:00,0.151,ok,Qmf4qjMn8nNs4uXenthtsxx7J8uEF99oL1HYht1MUY4HhM
2023-01-27 23:18:15.396609718+00:00,1.616,ok,QmRc6SnVSeQwWgMMAUH6WtncirMj2tdUypgPmz8Eo2U55S
2023-01-27 23:28:10.384644821+00:00,0.394,ok,QmUKNr7BZt3ScDJiQk7DKvGSgviP3TMHezT4bsEZKGsAMC
2023-01-27 23:38:10.208702574+00:00,0.401,ok,QmabBLQjgXqcdbPxJJV451BHSABCqJTfcnuKz5gKdqLFEU
2023-01-27 23:48:10.997940635+00:00,0.536,ok,QmcnPBd38VMEFAzvi3qk9RkkRxg3DBMgE8xczUzg46Yr92
2023-01-27 23:58:04.951384379+00:00,0.243,ok,QmcnPBd38VMEFAzvi3qk9RkkRxg3DBMgE8xczUzg46Yr92
2023-01-28 00:08:14.237509763+00:00,0.441,ok,QmPBYmuLMSSW33kcHVnJKkEz9XVATD6Ym7u1ywZzvqHq8y
2023-01-28 00:18:14.209933409+00:00,0.318,ok,QmeNHk8BN45PNVtaXAxjBK7r6E76KbEXaQbEaoXpM5RxUm
2023-01-28 00:28:13.257239204+00:00,0.672,ok,QmWJNZ1qv4DfPbnbsyvMjSczutCScXxuHPjAkeHWoda2GE
2023-01-28 00:38:10.581209989+00:00,0.537,ok,QmUQhWQL7AAvYq6D2wEfZnP73rCeb3aK5eYc2xqRE6Gth5
2023-01-28 00:48:14.028268600+00:00,0.172,ok,QmXzZe3Xw8DpSQorvyTAoxpXpja2ANv4MfjhMYndE5BXrD
2023-01-28 00:58:12.425707289+00:00,0.652,ok,Qmb3j4HW8dEW9k6QxA9o7nvS1bR8cZUSrKnGkHkXnUE86e
2023-01-28 01:08:14.139176539+00:00,0.467,ok,QmNhK79pB4ksoB8XB1RSyPyZhfW4Dhohx4AuXonokn1zLj
2023-01-28 01:18:10.802521916+00:00,0.331,ok,QmRPGANviKcqfRryqt4h4HNQsMqMR5dsp4qwEYHJkeTeLm
2023-01-28 01:28:14.503000678+00:00,0.461,ok,QmWE9xHYRaYnDbcRetbBTiw9xWA2TLboe7qR221gG4AFXu
2023-01-28 01:38:06.545106383+00:00,0.473,ok,QmShSyi57KaPSzvqj698xaW8nrfgKvvAqTQG9x43DfBKXM
2023-01-28 01:48:09.952285212+00:00,0.436,ok,QmeNPd5TSf5b3TrMZgcYrJvT8AJnjvtZkuP6kUTWvYTnX8
2023-01-28 01:58:14.691873704+00:00,0.436,ok,QmfV2vfudHPLwPXaLAE1nFgaNUVpbfbEZdFp8JZSzEsMyM
2023-01-28 02:08:13.954669880+00:00,0.105,ok,QmeWFMme4CVCKQTKDQyXrCCzan6NV2wcFKGdzWvXdkSCXQ
2023-01-28 02:18:14.032271268+00:00,0.470,ok,QmTCKB8DW5bEeSxjGpy6xFbcwKEoftN79EmSF1BJ2LhnCe
2023-01-28 02:28:11.063372114+00:00,0.468,ok,QmbA5phuUQw27S3RgvdUDJuBxFmjARcKjyJcG3qHvC25xa
2023-01-28 02:38:12.089441472+00:00,0.185,ok,QmX3p3DQacZTn27Fz3hq2WVsZE4jCcXjgfVXW2BPDLAjqz
2023-01-28 02:48:13.523465736+00:00,0.111,ok,QmRSWAmmWw9VyiurqJnUpEiVTqax94gt9P2yKenyt17SsS
2023-01-28 02:58:13.234123821+00:00,0.428,ok,QmSGNAEAAfQaDorsov6hrwWP3RGmB5JavyYwhP6iV9kbA4
2023-01-28 03:08:11.294895317+00:00,0.538,ok,QmSps6p47CsExGRDKJai5JWK4Q2ymbSoYHQ1G58QwzQNdQ
2023-01-28 03:18:14.245186453+00:00,0.216,ok,QmWWWfcdYeSi3GswCTxdzFLYaPXT673fQPNTpK1yZfJTHC
2023-01-28 03:28:11.314382244+00:00,0.313,ok,QmUXJWFECY8jzhpFV8rL9mmxkPYT2ZB1eodanxWEGW1FwM
2023-01-28 03:38:13.875945930+00:00,0.583,ok,Qma3P71rdkb8sFpUzHfTjcbwEDEX3tJGByvKaUypR7Zs7j
2023-01-28 03:48:14.154975231+00:00,0.480,ok,QmUs3WpCCnBUEKzrXffEPEopH7scnVtSwp1nKbB9thBQH3
2023-01-28 03:58:12.367479336+00:00,0.552,ok,QmYn6uKbfbp9YdQJEBXUs5jBZmUNfnoioQdQQJBYzrU5c1
2023-01-28 04:08:14.104677802+00:00,0.515,ok,QmbGNeVE4zgnVdKXkY7KcRRCERvyVZRHrBJC5gzupRHLwy
2023-01-28 04:18:14.582985217+00:00,0.981,ok,QmQV24ozwzSQgxCpjovDk3jPpYLQKGzFuGKnBVEtKxmj5s
2023-01-28 04:28:14.554694209+00:00,0.694,ok,QmPYXr6BCbWWBLaryszFWx71yaS4wYporFFsbfE1Ek9TSW
2023-01-28 04:38:14.094195221+00:00,0.436,ok,QmS4SUmaLtirmdABCozWPgGZyW828NUGctEAYEPYFpZNsJ
2023-01-28 04:48:14.484855275+00:00,0.512,ok,QmVP1J6epPPtP8i6Xdp5qQ6nKD6n2LBoyXNpHj5aXLPrSU
2023-01-28 04:58:14.856236960+00:00,0.979,ok,QmVtpkjoTasBpn22DzqzFHFsC15eNPcZ4ikDskeDtX7TGQ
2023-01-28 05:08:14.056476459+00:00,0.277,ok,QmQEeTdyN2kco2vr9zCGhTupjrjxWtSDazEwEfSxzGBNor
2023-01-28 05:18:13.558945316+00:00,0.096,ok,QmdePZR9yMqkk3hiASVnuvJ41fSmF1zFqC5s1NxSsRQngu
2023-01-28 05:28:14.124464378+00:00,0.225,ok,QmQ5bNwEN3g7CTLtafTCNjh7eHR9U5t4CHewdcuqsVmfAE
2023-01-28 05:38:10.987432614+00:00,0.463,ok,QmefS4Hk7sNp5JNPP82eRopDombhkqztaK23HhqM8WHic5
2023-01-28 05:48:10.048718347+00:00,0.465,ok,QmasYcvPajqSEpuxznTWfXd7zLJTNLXaRWjRk2rmckpASF
2023-01-28 05:58:14.146594291+00:00,0.223,ok,QmY9FDSHRqgTTmu3XiT1JumzjEpzsHbQjuZQQfs4BydRuk
2023-01-28 06:08:13.432432963+00:00,0.247,ok,QmY9FDSHRqgTTmu3XiT1JumzjEpzsHbQjuZQQfs4BydRuk
2023-01-28 06:18:10.946658580+00:00,0.288,ok,QmYFmiUk6ei4WDHRSRQfgAwNTmG6AeKfWMBWRW4hYQDB9G
2023-01-28 06:28:14.095931264+00:00,0.558,ok,QmcQWZ3APtScSFmMSJK7fXF1Ljqq7pWGm4kkGnZetGHfED
2023-01-28 06:38:14.148622205+00:00,0.525,ok,QmQgBvUoCHzpj3PXVWABypb5zJRCTm5yzwURvmAMwkJR15
2023-01-28 06:48:14.516627727+00:00,0.387,ok,QmV9A3wSACjKMY7EnuPf4RiJtnSPiXX8DafYcxY8zs1aZL
2023-01-28 06:58:14.102005801+00:00,0.432,ok,QmS7mKbzUgFhdozoDpe3FmouqszJS39GTkvWRXkPv5XWpp
2023-01-28 07:08:06.827720628+00:00,0.528,ok,Qmdyy73QAXyojqox1XNdHMa3eK29KNHBGEyx45xjVGKLLb
2023-01-28 07:18:14.313368063+00:00,0.351,ok,QmaLkMXWnLxzp7HpyPHkYcVSaNP9x4mZKGCAP3867W7CB9
2023-01-28 07:28:14.028593280+00:00,0.127,ok,QmP8Ewy7LqLLp2ExU1AqzKDwPANQ3yNwUHaY6tHS345m8Q
2023-01-28 07:38:14.207245434+00:00,1.100,ok,QmVC88BuU3jAWhgR1Jp6WVbNW5vTSVqQn37JmKW2W54kL5
2023-01-28 07:48:13.706859240+00:00,0.206,ok,QmVDHejZcAaBMMoCzxs4Jd6ZuGpUviW8EnhP4NnDkPVHks
2023-01-28 07:58:10.175757324+00:00,0.179,ok,QmbvNdimsTRonTtV4XfNSceav7kzj5E8BUhEjJRGDNd3ex
2023-01-28 08:08:15.104280773+00:00,1.440,ok,QmS9TZV2ti1NKnVtD2PNLFeG7Lg5pFJbQHitLDbN7dq21N
2023-01-28 08:18:13.945167667+00:00,0.449,ok,QmPpPiZgf37qt5n369qiWyUgAYX3vZTsZC4UAKr3SqX6o9
2023-01-28 08:28:13.970293650+00:00,0.563,ok,QmaktXG76z79hH4iaHSQwmmWUsvr5Pp9xUyoM3V46z3Wz8
2023-01-28 08:38:14.730387631+00:00,0.960,ok,QmW67EAsGhP1H9epYuwV2bNbtCVzcUXjk3RwvrRkeWAVyb
2023-01-28 08:48:13.800134069+00:00,0.283,ok,QmPvhFyx2r9YEc8eFdatCQVBCQUXLk8jrkGuqaAo1xBhYq
2023-01-28 08:58:12.215086476+00:00,0.996,ok,QmReuhajS2w4XzLHf9TxGZHvfPVsNVd4cJdg3T73iM2rcD
2023-01-28 09:08:13.828697658+00:00,0.249,ok,QmYR7L19XJbx8yUo6Bhm5qDp54SUGfUzqwitej31FNZoGy
2023-01-28 09:18:13.636923225+00:00,0.513,ok,QmS7nNYD94CR7QkB2F3V9r561y1DsC8odtYgryR7RPyuEQ
2023-01-28 09:28:10.056528636+00:00,0.374,ok,QmZuSsYm2HEt9Qrb4XHgiVYFwk1RfkVPQWrn5QiLveuscL
2023-01-28 09:38:12.380844887+00:00,0.761,ok,QmQmQwm3nYFEmdmfGn9FkVEms67TbNp7WxwGgV32qpLGJ3
2023-01-28 09:48:16.836290115+00:00,2.621,ok,QmXqW3mM1W2pWh6y4vwUUeNRAmeU2AQWNvTb8SAz9ESeUE
2023-01-28 09:58:14.305453267+00:00,0.204,ok,QmZ2WqQcHnjowxx4mm5RV9Eqvfx9zZxqkeRJdTUAh4ZD1k
2023-01-28 10:08:13.689845121+00:00,0.988,ok,QmPAXwYAYThmBHokucpUEzxc7LizJDN5zcUaT9Ugc7Mhim
2023-01-28 10:18:14.565909412+00:00,0.220,ok,QmYvYWPeoEP5WU5yg5Ybo8fkjDvrpZSmwGqF1TVWSFMDAv
2023-01-28 10:28:13.953178378+00:00,0.589,ok,QmS5rFxWpSJ5ykeiAWqTMQnwiaHSZWDSqN2UUAsh4r5cqm
2023-01-28 10:38:14.216103359+00:00,0.571,ok,QmSAWPkTGVmp5SveJWuhpDaEj4s67NHLCxWkVDgHHgcw6x
2023-01-28 10:48:14.140591471+00:00,0.656,ok,QmTZwyTr8Qpsa2DJDkaQVFp7PTo9wco5S4ABxUiYGGe3Jz
2023-01-28 10:58:14.288803529+00:00,0.680,ok,QmTuP1N8pf9THEB1xYPb4JkgVrE82QEV8WdAfdvpr7BUTH
2023-01-28 11:08:10.779103049+00:00,0.659,ok,QmTsh5JB8YAyPKW3Bo2m1f2VC9vPHqGLscoFCupiZJxvst
2023-01-28 11:18:13.607351752+00:00,0.346,ok,QmccKLwQtrk4a5ULQTeE3xxvGxCnCQBPg7kx7DbEzE1U4n
2023-01-28 11:28:11.573253988+00:00,0.114,ok,QmeUSHUvZbYHotLnExXSKdf1DewrRWbAUiTUrWkaDp5mpC
2023-01-28 11:38:10.540356737+00:00,0.486,ok,QmXnpRGRDNTuEJjBtko3dM2NMxrv1d8HXF2nwC6Yvhv9cm
2023-01-28 11:48:10.828224373+00:00,0.267,ok,QmV3h98Z2ww9ysFAuXikBFXcE98uhm5kif7icgj7FU1v9P
2023-01-28 11:58:13.639008113+00:00,0.276,ok,QmTFPeoNSjpkj7NHELQJiWYpjB4xnk2Ucv1SYCgBJYoZA2
2023-01-28 12:08:14.131980149+00:00,0.437,ok,QmTFPeoNSjpkj7NHELQJiWYpjB4xnk2Ucv1SYCgBJYoZA2
2023-01-28 12:18:10.363671715+00:00,0.287,ok,QmVktMZFbxucVohfUQcYZD856as8p2FzZnU6UHs9DVw5Gj
2023-01-28 12:28:14.746990995+00:00,0.629,ok,QmSYaj7HMBadGqEzGvxEfKRQof2zaQ6m5Xa4dUjmAt6eq7
2023-01-28 12:38:14.128631642+00:00,0.448,ok,QmU92hCVnU9jEX1qk6uowhn4ow3Lm6HqfjrgK2XLbX8GCW
2023-01-28 12:48:09.457231173+00:00,0.166,ok,QmX8MXBCbqminwdfQsyMEqEoZejQwN1jvWXXqDEA3mPFbB
2023-01-28 12:58:12.013416617+00:00,0.905,ok,QmeM9tB4enikToXXyGN15L2fXfnmckLhRVUjEcWK6dv5n7
2023-01-28 13:08:13.762146235+00:00,0.257,ok,QmeHKyZaVdZKUmkgvFqDC9cEFk71JXmwvSjZqfGGQvBjTa
2023-01-28 13:18:11.984512298+00:00,0.193,ok,Qmdf9rmxm24s8dFps2VPdxnV866jCwKEHFeksV87WYP5xP
2023-01-28 13:28:14.107927822+00:00,0.118,ok,QmR716kJkyebkRoDu84rtJ5yZqLZWkCtqkxcpVYSjEB5qL
2023-01-28 13:38:14.085275911+00:00,0.454,ok,QmaxRkuddyHqP94ZF7NuPKTi4fGXTfcBATDn2PFhg8GSp1
2023-01-28 13:48:13.695838417+00:00,0.134,ok,QmRL6aXYveARPg9h5mZwe4EHyEoMhEki3oooX2jHEx7MTz
2023-01-28 13:58:14.841353051+00:00,1.076,ok,QmTTnQEuzsmkKUDD6tki5YM9Eao9gXQq4Nr7w2BnQk6hco
2023-01-28 14:08:14.880028153+00:00,0.865,ok,QmRm7L1GYFhr7tAdLNiaz36PUKs9LoHR6J3bhs4HfM3Kas
2023-01-28 14:18:14.258632917+00:00,0.517,ok,QmQwLv2oxJ7EBJFX1GEj1akTHERgMKdAgJDs4r8s9WQQHc
2023-01-28 14:28:14.383038997+00:00,0.521,ok,Qmbibfn9EM2ebk6tb6XcgWZALrCfusqLNqRZ1hNbJP2KhM
2023-01-28 14:38:09.741887046+00:00,0.227,ok,QmWAjRtMEe95mAxWFgg3aXWyTFFMakX3VTQSU1wvCVhzpo
2023-01-28 14:48:14.136764927+00:00,0.450,ok,QmbxwKsZpWnvuzYuvL2zXrZwtBMoQJaPnXPyce7jn8FczE
2023-01-28 14:58:15.389366070+00:00,1.722,ok,QmTuSZ7T8g9CsMQF6HxwB35YXGgr9bJgeuJXUCZ65Ji1mK
2023-01-28 15:08:07.414861526+00:00,0.455,ok,QmRNw6d4mFSUteBtqGorNpBuxymZ8MqAjo4vRuYnbsULDf
2023-01-28 15:18:13.922817562+00:00,0.418,ok,QmcY4aaLWCnucqgc19he3t4fM9Ne41UgJWzKc5ALgGKTyc
2023-01-28 15:28:09.927267717+00:00,0.211,ok,QmU9iFMrMej2HBAFGbMhL4XWkiUyPs3yCEdq8HJj7tQeaz
2023-01-28 15:38:13.397350742+00:00,0.245,ok,QmektD6q6bmU1mzcVCpENGdL9hs6tpNPw8CPkSjJBumWGf
2023-01-28 15:48:14.523154457+00:00,0.665,ok,QmPbTZtzMMMrPNHMEvczhuHo2nSKZq53SteRRPS5MuPXet
2023-01-28 15:58:14.812057171+00:00,1.270,ok,Qme6DZcHbs4g5UR4s5BpYEC3JMKyKaSJsAhy1tG2tMqPcA
2023-01-28 16:08:13.760227903+00:00,0.316,ok,Qmf7VqSjX949dPbscj76uZHyVdbdhjFbK6PqTJCXxeuohK
2023-01-28 16:18:13.834148644+00:00,0.265,ok,QmTmmTaiZNYbWDv7b3KoPufsbocwZWpmK4JiQCJeh1U8r4
2023-01-28 16:28:11.407194765+00:00,1.187,ok,Qmc8FEBgfgE26PFtk2yC2gCxFuiVepNfEqgUYxqbDvMVkm
2023-01-28 16:38:14.113381193+00:00,0.594,ok,QmUNz7HiKnBrMshWg3eEbmRnyrRQrdX5VNAT5FXy8xtJHJ
2023-01-28 16:48:14.439980299+00:00,0.542,ok,Qmcw19ocnNsosLaRPpQmYUVpfbTgDRiyGqwszTDKzKp1jR
2023-01-28 16:58:15.197492603+00:00,1.190,ok,QmQGFUJCRi9RfPNjt12VTirWhrvrkCDgMWirYPN8uVCgqb
2023-01-28 17:08:13.721045619+00:00,0.143,ok,QmeCTLGTy7Tv6grAbHCvkJnFj7G1CjZdex3hQ9xRaYs2Fj
2023-01-28 17:18:14.340301540+00:00,0.900,ok,QmX7dMV1w1VKJ5t6E5kxER92WNgnD7uovbmj93saBjyid6
2023-01-28 17:28:09.024609826+00:00,0.182,ok,Qmcu9NLRgGJRNTBa6brHedcDM2MGCg2v5yBDN3qpYUpoLB
2023-01-28 17:38:05.131338447+00:00,0.231,ok,Qmcu9NLRgGJRNTBa6brHedcDM2MGCg2v5yBDN3qpYUpoLB
2023-01-28 17:48:14.948455525+00:00,0.967,ok,Qme9z1biTGGSo8fk5MeA7xagC5cg2NsaXUKwx4fCK5GW7e
2023-01-28 17:58:14.483103313+00:00,0.573,ok,QmPrXeRmDxVWJ1HK6kqWMuHruHv7pP8e9Le7nAPL1eeP8j
2023-01-28 18:08:13.969095984+00:00,0.212,ok,Qmd4YTpfwFA6rr8jWhJmRdqGzZqWGDF74pgSrtNiRvAWMU
2023-01-28 18:18:14.053794875+00:00,0.258,ok,QmcZTz5GcJDDrH9nRMxhsr4pAcUpi1MLREsMn7H1fnUGqh
2023-01-28 18:28:05.777917520+00:00,0.462,ok,QmczeZrka4LxRZxKQpbsQjrxjSEFxB9so7gnWxrUWeZk5X
2023-01-28 18:38:13.930911272+00:00,0.371,ok,Qma3QAkEvkPCtiUsN4D9n9w4GTZcoi6KJRpPxigJmEcVjR
2023-01-28 18:48:14.444360491+00:00,0.836,ok,QmVsvxXpQrnodR3CAdD5NKGcSy6ZE4tj4xaepQq7wNcrBy
2023-01-28 18:58:15.280582830+00:00,0.511,ok,QmQAw4VR3PRMyipibmsRY2qHVG2rNfCyPyPsXErFUqec5i
2023-01-28 19:08:07.304882539+00:00,0.275,ok,QmTsfNYEFF7UTyipTyEZNnNiNx61vKGmyAfNjwxYMLTihP
2023-01-28 19:18:14.357641196+00:00,0.140,ok,QmfB8vqoggf86mp5ZEtv8bGouPwXZHMzaJ1KyrjEGR1W47
2023-01-28 19:28:09.546880630+00:00,0.557,ok,QmdPqXxpoVsXbq8HeapxPqYe1uf5JRvp4kxJVxnZ5G6SFy
2023-01-28 19:38:13.787893960+00:00,0.298,ok,QmNdA3vvdj5eJK1pbFtfkZ3yLRQHP2SCeEJ8B65P9RwuKK
2023-01-28 19:48:14.068281504+00:00,0.466,ok,QmUPxBV6GsWgSr4JLgo7EcW98au7VsYZPiBL6SWpmPKW1p
2023-01-28 19:58:14.023551204+00:00,0.281,ok,QmQy9cWmY4iuZR6dbtLJQS8T4Kg6boosoJLuDfrqK8gRJT
2023-01-28 20:08:14.138942660+00:00,0.478,ok,QmaNLT6oNV86TgqpA89zC2cfZSnv7H8GGSa7pqV2zcep3U
2023-01-28 20:18:11.654344028+00:00,1.073,ok,QmRaPtbDZGvjcHu7ZUJWjrhvBaTYk3u81uyV42X8Bq4DYA
2023-01-28 20:28:11.759777547+00:00,0.637,ok,QmQPaU7nybpr8qXujrwRS28F7NaNLauscjQuCbjwiL3ue8
2023-01-28 20:38:14.673405812+00:00,1.085,ok,QmfPuPpjE4wC1znAwkcsQEWdvYyZkDeQtmgem8KYyDRYyk
2023-01-28 20:48:14.594835093+00:00,0.235,ok,QmSP9G2VcUsECPyuHXuBZh7JM8awGF1jmy5dGN437EVwsR
2023-01-28 20:58:08.175017356+00:00,2.335,ok,QmeeR9CAUHUKf43Bp6S7Z5U9LZuncpxYagrzcfq1CGfwRg
2023-01-28 21:08:13.545047301+00:00,0.457,ok,QmdHcyncjauxSvBVWxgtgtJPjdw1mJMpYPNx9KhiJxLMFb
2023-01-28 21:18:13.937731708+00:00,0.092,ok,QmfZoMPWYwLLX5hafKHc7BEC23KQfdxhpSRK5csi11NTwo
2023-01-28 21:28:14.178517740+00:00,0.496,ok,QmdwnoezcG3DmVfJE5xsYYivBSK2orwbokdjbcH9fVLqeq
2023-01-28 21:38:15.211649504+00:00,0.857,ok,QmT4gnzipVPEZy9Q8ykXErM7D76Av12j6mCps9hm4vxwX4
2023-01-28 21:48:14.100979107+00:00,0.394,ok,QmbQmFAVUbSv6MKkyZF1qySHomg5LVqsE6wR6z6YWRNxND
2023-01-28 21:58:14.925576132+00:00,0.727,ok,QmeF4AkxZCZLEgnG4JcL8GKQwwSzxMxPgdvpjwo7TKT3Hb
2023-01-28 22:08:14.009024061+00:00,0.519,ok,QmPmGMauEccBdBJeFXxV6Rfvp1i2kiuegkY8ey3fUzYo9q
2023-01-28 22:18:14.444045567+00:00,0.466,ok,QmZRhxvfSriBuoQnFgU8VxnXqGos8oZhsPhYWsGYaiS7Wd
2023-01-28 22:28:13.555607004+00:00,0.391,ok,QmPMdJdraw5xMCzJJnnXqdyVAs5hLHLNe3XLo2JaFhNrSQ
2023-01-28 22:38:06.621362553+00:00,0.252,ok,QmSdfTUdgtcR2LHQzUcUtDzdsCguw2BGFozgpemEEM4Bks
2023-01-28 22:48:10.350608860+00:00,0.080,ok,QmaNXVL8vDeJksno5NgqjqbypWWHzbvTHq6bnDsWjzjKef
2023-01-28 22:58:13.431929553+00:00,0.227,ok,QmfJwZVk13BjWCLX3UaDYY9CenDa4chJGd4QHMSpbKpVkB
2023-01-28 23:08:14.307792552+00:00,0.767,ok,QmbE6GvJGmLfX7rNQi7C5YLPo6mdHdY9CcoiKWMYQf46uW
2023-01-28 23:18:14.851166477+00:00,1.130,ok,QmQNCvA9Bv9WE6j8cCyDHy7fGebDhSWKiic2vhGA5U2YCU
2023-01-28 23:28:14.405918291+00:00,0.661,ok,QmWKibAaQX67rDnsYvJCjwL7JdxKiCdCqLtxGDjwHeT6Qv
2023-01-28 23:38:14.382588198+00:00,0.482,ok,QmSX1PPNCyiXkAAHCJe2nVeXWS3h8gjWzZjDZ8RSu4q8RX
2023-01-28 23:48:14.130193661+00:00,0.204,ok,Qmaog2UWfoGP3Q9Y9Mre5xZGFBG8RY362NkPDcxvpt2qWj
2023-01-28 23:58:10.689426703+00:00,0.569,ok,Qmbf2fMjAtbBChHVrcH3qX2wJ8eyFDE4M5mFVPm6tsAEXy
2023-01-29 00:08:14.497433320+00:00,0.555,ok,Qmap38KaSkFHFFQQseosZ8SgHiWbpG4NU6Ge7PsSsQEahv
2023-01-29 00:18:14.667593716+00:00,0.224,ok,QmccNEXGdTiN9vPMcjQFGNKTp85hwHxL6SF48382BvemNA
2023-01-29 00:28:18.061236480+00:00,3.806,ok,Qmd24aHXCxoXJo1UgBEhJTFgjWSvnkDag5Nv4te6ezNLvx
2023-01-29 00:38:14.054860798+00:00,0.240,ok,QmZgwxPYj5w7Q7uf7NGg674d36oDqLvGEQdkShwkoGB61Q
2023-01-29 00:48:14.819440751+00:00,0.605,ok,QmRGnbxApBbMxP2UHmoEPQ4FqaoyymZY6vzu7jxwLqN36E
2023-01-29 00:58:14.614438125+00:00,0.253,ok,QmbcZdm6KU3FJgJsRjMwW9TKGv6gYYqAPVDp3Lw4CojyuV
2023-01-29 01:08:13.796539159+00:00,0.342,ok,QmcU3i12CAPwTCSZ8XttqMWHLyZASTGqkENDMM99Lb5mBe
2023-01-29 01:18:14.342276323+00:00,0.232,ok,QmW5AC3STXmcyrxjw9YtUWzRgAN6mBPFn34A8oJQqEMopN
2023-01-29 01:28:15.765166033+00:00,0.765,ok,QmYpDzgrdhqm6gfKxHrteNbWMmegivWqMP2YMKeywRCNkF
2023-01-29 01:38:16.090122480+00:00,2.177,ok,QmVEYT2BBvifYRKv3HPpHmN6EG9PLwvWDtdWPpUY8a6TpF
2023-01-29 01:48:14.430331638+00:00,0.506,ok,QmWfJ4nNTiG5eq6ou3KNfWQG2q58Gy1LZFf2maUKXV5iKa
2023-01-29 01:58:13.753607225+00:00,0.256,ok,QmWfJ4nNTiG5eq6ou3KNfWQG2q58Gy1LZFf2maUKXV5iKa
2023-01-29 02:08:15.114729507+00:00,1.181,ok,QmaM3n2gCb3cZSjubBdhiwMzmGqyv2jnu8YiD7YsurRrnM
2023-01-29 02:18:13.396162241+00:00,0.103,ok,QmYra28zyLZ7jh9N9EAdYdVG6cJJ5QNDu6jEKX2Tv73APq
2023-01-29 02:28:14.794666609+00:00,1.102,ok,QmbH3hmzTGGovJC2svNApVFL51cMxF6WwzPD9eHogHSshT
2023-01-29 02:38:09.203495215+00:00,0.493,ok,QmPLiE9jSZixCEojzHsoHJ3dBDmh35JaMY3emutKiGJmGG
2023-01-29 02:48:10.324062445+00:00,0.183,ok,QmZaxw6q4zM2x3JJqwHd4Jfent1xEiKjRCXWqXaifQRtko
2023-01-29 02:58:13.964388614+00:00,0.265,ok,QmSY7PLgs1qzZjSd4iu2axMTx5BPJxaycykFtMhGW55LdW
2023-01-29 03:08:10.499021899+00:00,0.201,ok,QmcDR7fRqgXxvSt5BUBMy3KnZN2uUYG89mAovWV9n96LaZ
2023-01-29 03:18:10.913934907+00:00,0.166,ok,QmaaBwBDKeW1hiuNtB2uueRfYHBYwsFBhoxTJ6zGuHaBbf
2023-01-29 03:28:14.562335839+00:00,0.812,ok,QmZRjGortRGhmtHn1mn5AnNcxU2NofHthJECidzGmsCvK4
2023-01-29 03:38:09.518254063+00:00,0.486,ok,QmSGM4tp41ZTD1gdVqFBPNS7BVANgAzgQ793TUQNuCq2TJ
2023-01-29 03:48:14.534491614+00:00,0.323,ok,QmbMW4xBbAJiWJ9xPHMzY8Nnh9w1qb5JzjWq9SAfsdStfn
2023-01-29 03:58:14.119734420+00:00,0.365,ok,Qmau2nLyfNkZ3jyPF3VgVEhDjYzC1gPxpHpi67q6LySfEu
2023-01-29 04:08:11.319404632+00:00,0.368,ok,QmQACjz3Pj4EVVzxXcECte9fbze9wjV3P4mzc5Lon3ytUt
2023-01-29 04:18:13.673252164+00:00,0.196,ok,QmbyH1dSFEGTQx4ASUftD7UCn6QAeWDo6ZBbB5Li1cbxYJ
2023-01-29 04:28:06.598851526+00:00,0.150,ok,QmcUQrwgdFWyhpqD2ZKdsuNjj2Sihkh3D9CVDTWBB8CXpr
2023-01-29 04:38:10.520933871+00:00,0.602,ok,QmbW7VCjixKUSQMQtbLidCS8K3V3BnLLNJogRfnZdbKWM9
2023-01-29 04:48:14.066400987+00:00,0.309,ok,QmUJEpg2N2yKKvUeAuRWJAaVKPW2n1fpXbUKVZiRSXJBsA
2023-01-29 04:58:14.521976980+00:00,0.939,ok,QmTngKmRsxfnGM3ytavhRyzsbHNvBLTFrHgKXz66TZMWbi
2023-01-29 05:08:13.076750863+00:00,0.532,ok,QmSHX4VKcPbyKc5aMV24p6UVj3ewQooVsNgRUWZ4Epz5SE
2023-01-29 05:18:10.046991881+00:00,0.663,ok,QmVGm7trBR73NZ2igdTvrdGjiApV5J23gue6bwJJms6X8t
2023-01-29 05:28:14.217252448+00:00,0.146,ok,QmUkxvtkAiJd7LEr6KzEAJSCrktR4tQjXpdi3oSyBYBH8J
2023-01-29 05:38:14.865337522+00:00,0.462,ok,QmafmkxdR4VVNsP5HQTEQui7YXLZx1qhVUpAiMmRMRfjyH
2023-01-29 05:48:13.117072933+00:00,2.238,ok,QmS3PuXFtTECRPtrbhZMbSJ45dyPkFJR9dFCCap4j7kvXS
2023-01-29 05:58:14.096959244+00:00,0.793,ok,QmZj8DKUdLwXYnQW2JPoAj9SgGG61W3cS3u5mUHEojZ9zw
2023-01-29 06:08:14.137945823+00:00,0.463,ok,QmW3UGD9v4LXpGAyoYcNeE9tmEe6Lv8uZkudtFWc9TXA4h
2023-01-29 06:18:14.490500676+00:00,0.505,ok,QmdnScESKQ7nRFov2f2x9hmYvPPzYdDX33oudqy4y2ECX1
2023-01-29 06:28:13.697703264+00:00,0.115,ok,QmdnScESKQ7nRFov2f2x9hmYvPPzYdDX33oudqy4y2ECX1
2023-01-29 06:38:07.165669697+00:00,0.208,ok,QmXTyhRtmwr3mKb8H4tp4c4XX5CQSmsNHwtu5kWdRyvZHd
2023-01-29 06:48:14.327567952+00:00,0.542,ok,QmXTyhRtmwr3mKb8H4tp4c4XX5CQSmsNHwtu5kWdRyvZHd
2023-01-29 06:58:14.345456051+00:00,0.314,ok,Qmdgva1vZ3fGzx5km1x6AdwpJ9qZspDeFHf6QtX6fihoEA
2023-01-29 07:08:13.828367139+00:00,0.461,ok,QmbeVZeu3rU59uu6gSdTpiu4jdAQ3911UiYkqNisQ4sLGd
2023-01-29 07:18:15.118033888+00:00,1.029,ok,QmV6f12gkreptaWwdJSJJLfH4mhtAY9o91dtKFStAHDTxR
2023-01-29 07:28:14.192117429+00:00,0.108,ok,QmUq1i6GMUbWvPTHGzRMUU8zn9FLNe9yD5ZgNPGgeAGkVm
2023-01-29 07:38:14.064805656+00:00,0.183,ok,QmQCT3jRMtyCQBNhCqkYiWLBPHDAL39cPheJpxV7dUdspK
2023-01-29 07:48:10.765736552+00:00,1.693,ok,QmRNHkKY7PeEMtUdpmTcYxow8zNedEJZAUTgJJ2uaoss46
2023-01-29 07:58:14.024413932+00:00,0.087,ok,QmUUdRLS4NrcnJbBVUqucQfbUtNGV6rrAmZbS3tVRDo8gH
2023-01-29 08:08:14.236794238+00:00,0.239,ok,QmRFnsFaQ1R6cAPZTB6VATP8JZk5vxAG5iLAzVVLHP4zLC
2023-01-29 08:18:13.954755063+00:00,0.252,ok,QmQKjt1h9NJm9GaquQTedSDrnThW8m8Vn8v9MGQX9UPY3q
2023-01-29 08:28:14.165088721+00:00,0.321,ok,QmbmQTywL7FALy4Hs9J7jgNFkY2LrkGciAVK3Dv4zjThYx
2023-01-29 08:38:08.023728169+00:00,0.280,ok,QmVWHjiQyL7QdypbViQVpWzvH2dBgJHN2FR2bwQxoJ3QCZ
2023-01-29 08:48:11.330592239+00:00,0.594,ok,QmZw9WfL5mm5bBduUJG8tNuv6vo74WUtiXPEv2UEzvk9Ns
2023-01-29 08:58:11.547702831+00:00,0.435,ok,QmW7QsseL5nZivXhps3vfCCGq4vCL4sVNRHU2ngVK4jeP7
2023-01-29 09:08:10.296435262+00:00,0.648,ok,QmfUAVMkBeYLenNMtsZYFnP725hksPkmJLPAx6ehUxAvwQ
2023-01-29 09:18:13.779142029+00:00,0.183,ok,QmVN796Xi4EU2gaX21Hx2ZDDQF3QPkMz7Po37pf7uNd5QF
2023-01-29 09:28:14.590766535+00:00,0.593,ok,QmQSkaoZPCWm16How5NTbNMm5Gpk7FPuWgV4EbWaAYKLLh
2023-01-29 09:38:14.184339747+00:00,0.236,ok,QmP2CdmyGU79MdeE9ex2U4JYCRuEHs5rP2ymLeAdevAr1a
2023-01-29 09:48:14.743048171+00:00,0.777,ok,QmeTtLBvz7CL9bo1EWTxKm4UbdBQKtmwavUidVijg9opqU
2023-01-29 09:58:14.034397208+00:00,0.244,ok,QmY4Hjnwzh9MbTssqx1YPfLpgeprYsoqKsaZj2eqSBVGfR
2023-01-29 10:08:14.286736592+00:00,1.107,ok,QmXDGzNQmFS3qibwHA4KqYnXDLhqiRkzaPKAMuL5wwWHBg
2023-01-29 10:18:06.005728993+00:00,0.191,ok,QmWtyTNJUmSaXXNxbQiuEEQeWKMFKXgj78kTMRfSZVbWox
2023-01-29 10:28:13.624321869+00:00,0.277,ok,QmRJVBsx16LSF8qM4wWk9y4rYg5mPPGcxetzQDhNWC6bZf
2023-01-29 10:38:14.164046999+00:00,0.296,ok,QmWzuMfHSoHGVyERNXDtFqVabhnVjSK29nnvMFXk3KdUBm
2023-01-29 10:48:14.332478896+00:00,0.494,ok,Qmd6kVvXVCzEdUA8Yq3e7hRKsSpxzspTBPULFqXtkG2oHc
2023-01-29 10:58:10.085917125+00:00,0.482,ok,QmfKKRPxjoGdDcdfwZLnWi2DqmJZmjZjNuTQbfEDwCZeUt
2023-01-29 11:08:11.075227969+00:00,0.903,ok,QmXv7YpevqfkGHBzvuuHTRdQEMRLUSreDGn72WkL3j23eW
2023-01-29 11:18:10.113004778+00:00,0.624,ok,QmQ1Ag1vg6Uz1BmqcT43mzuDnSkP7iCc4PETVDkUEAf2eb
2023-01-29 11:28:13.801210969+00:00,0.615,ok,QmeGKJoCiKQPQsAAfRbM2KV4kv7rjns1CSp5WDyRVc2CkS
2023-01-29 11:38:14.114447018+00:00,0.769,ok,QmNxzyRiPQFDSN8RitfKeeBXxSdpxd6pBFRhPH2WacgUjY
2023-01-29 11:48:10.401324691+00:00,1.159,ok,QmfZr8WMaZfkL55zqwzDyRj3UupZBK7HDpDGLsHkjNb3e6
2023-01-29 11:58:10.237665661+00:00,0.294,ok,QmRricxixiAzwpKDWwZVZjbhpULCp9FWu11bh6dAJet5mp
2023-01-29 12:08:14.483161870+00:00,0.256,ok,QmXtaNjvuTkucEKGhoaYPEiboECoADR2HKmP7cCtZzBW5o
2023-01-29 12:18:14.357773488+00:00,0.567,ok,QmbaAFv1i3UgA9wuuXDqRytbu71LKoGyqmrhFpz4wJXNuB
2023-01-29 12:28:11.621563141+00:00,0.286,ok,QmT31TBB9rHxWhZB8cC3Da3FbXPKTpFi5oPwAps4px4Ku9
2023-01-29 12:38:14.373629556+00:00,0.804,ok,QmVdpuwtMjUD53323mM7J8yFioSpJW3zgay6AjUuhzgb2o
2023-01-29 12:48:10.906073990+00:00,0.530,ok,QmaXwsM4kvLuTfWs3MM2C1s5LCSZmdMYtJniuu4hqYNSyo
2023-01-29 12:58:14.083406529+00:00,0.550,ok,QmWfxG58ryn4CkioEmzoAtNbZGvMkv5e4zYsLcNQNqq7jx
2023-01-29 13:08:14.443620577+00:00,0.740,ok,QmWfxG58ryn4CkioEmzoAtNbZGvMkv5e4zYsLcNQNqq7jx
2023-01-29 13:18:14.040397516+00:00,0.302,ok,QmPvPwyEjK6tP5tXYnnJrewdgGNnyhq9ycs1NEMY5r43Yp
2023-01-29 13:28:14.047282699+00:00,0.619,ok,QmaDGe27nmoo8drJJb3mavoMPBe2VLSheFg59tenCNuUK3
2023-01-29 13:38:14.700683356+00:00,0.372,ok,QmX3eNCBbFPM6dpi66VB7bRfvZ5bBTLbghMC2TTmhBhnz4
2023-01-29 13:48:14.137613159+00:00,0.514,ok,QmbjeyiCwgkxqYaeKKWTs3tr6RzNokFPEWXPiB1eAxhqbr
2023-01-29 13:58:09.551078884+00:00,0.260,ok,QmdgqbGG8KcT7Wzjmz3Y15c9iHduaCcwj9HeLRBmBiDyMV
2023-01-29 14:08:14.954721161+00:00,0.902,ok,QmSqndA9RWoXF6iYMJgoLhCb2F3TxBJPjRHUx1iAqveZmn
2023-01-29 14:18:14.539587230+00:00,0.696,ok,QmbqhzrEaR82EVtceQq9ikczyMo1P4j59Wx4soMhqQkWJM
2023-01-29 14:28:14.135000133+00:00,0.260,ok,Qmc6eFgrEu8LN1bebTm4mf2oA42mdB7Uc6TwTFCLGTZPXL
2023-01-29 14:38:14.305455069+00:00,0.155,ok,QmWWgqKddu5otM1MA1Nrkd3eE2AQTzQZ2nq7jszAHuSqYz
2023-01-29 14:48:14.464079160+00:00,0.340,ok,QmcYr44fuH9dW1Zp7xpgYDH26PBLeUhoaiomGEeg3Lp3PA
2023-01-29 14:58:11.448419573+00:00,0.460,ok,QmV9GdXi1YtoBkYSYJ6Gw2x4vYQPmyVRm6gqnzkZaeNm9f
2023-01-29 15:08:11.594381115+00:00,0.627,ok,QmRYgaqyoKGr18ZhAmFL5HAgCexco6B8UHrkVuf5d7jRtU
2023-01-29 15:18:14.327468706+00:00,0.494,ok,QmPE4EZ8FBSUogN6jLqdkT9phi73ZAsBgSpLebZQ2fm5dK
2023-01-29 15:28:14.133290966+00:00,0.511,ok,QmdquMJ7WQNbcGceGcnzhWzdrzfUiB91kiijdh3YMUkYu1
2023-01-29 15:38:13.549371901+00:00,0.441,ok,QmdquMJ7WQNbcGceGcnzhWzdrzfUiB91kiijdh3YMUkYu1
2023-01-29 15:48:12.429367280+00:00,0.659,ok,QmNd5VSeyF9Repxf2rPAs2muWC8g77JDCnvk1WmZsBm4EX
2023-01-29 15:58:10.446158383+00:00,0.225,ok,QmVR1p4MMXEhg3JSrVs6dzoCp8A97cqXszP2a5uoApXGuQ
2023-01-29 16:08:14.626587916+00:00,0.497,ok,QmUrsxkeegFg6pt4ouBcyhF24uYGkFpdEag8FE9UbzetDy
2023-01-29 16:18:14.474234658+00:00,0.369,ok,QmUSQZ3tP9NBoSShpsdLkqpbQbDtuuenxv6TpTjvRsQ7yy
2023-01-29 18:36:30.427039593+00:00,7.587,fail,QmVsdhzpeadiCa7rQJk35ydV2y4o4dHTaHZ8TKFrvtbGjQ
2023-01-29 20:46:53.071162769+00:00,6.349,fail,QmVsdhzpeadiCa7rQJk35ydV2y4o4dHTaHZ8TKFrvtbGjQ
2023-01-29 20:46:53.245352910+00:00,6.492,fail,QmVsdhzpeadiCa7rQJk35ydV2y4o4dHTaHZ8TKFrvtbGjQ
2023-01-29 20:46:53.474724359+00:00,6.329,fail,QmVsdhzpeadiCa7rQJk35ydV2y4o4dHTaHZ8TKFrvtbGjQ
2023-01-29 20:46:53.974520275+00:00,4.445,fail,QmVsdhzpeadiCa7rQJk35ydV2y4o4dHTaHZ8TKFrvtbGjQ
2023-01-29 20:46:54.171173898+00:00,4.358,fail,QmVsdhzpeadiCa7rQJk35ydV2y4o4dHTaHZ8TKFrvtbGjQ
2023-01-29 20:46:54.516038614+00:00,4.786,fail,QmVsdhzpeadiCa7rQJk35ydV2y4o4dHTaHZ8TKFrvtbGjQ
2023-01-29 20:46:54.596012222+00:00,4.758,fail,QmVsdhzpeadiCa7rQJk35ydV2y4o4dHTaHZ8TKFrvtbGjQ
2023-01-29 20:49:44.911271827+00:00,0.331,fail,QmVsdhzpeadiCa7rQJk35ydV2y4o4dHTaHZ8TKFrvtbGjQ
2023-01-29 20:49:44.921241203+00:00,0.288,fail,QmVsdhzpeadiCa7rQJk35ydV2y4o4dHTaHZ8TKFrvtbGjQ
2023-01-29 20:49:44.943549899+00:00,0.220,fail,QmVsdhzpeadiCa7rQJk35ydV2y4o4dHTaHZ8TKFrvtbGjQ
2023-01-29 20:49:45.670266437+00:00,0.062,fail,QmVsdhzpeadiCa7rQJk35ydV2y4o4dHTaHZ8TKFrvtbGjQ
2023-01-29 20:49:47.741369373+00:00,0.126,fail,QmVsdhzpeadiCa7rQJk35ydV2y4o4dHTaHZ8TKFrvtbGjQ
2023-01-29 20:50:16.968877946+00:00,0.121,fail,QmVsdhzpeadiCa7rQJk35ydV2y4o4dHTaHZ8TKFrvtbGjQ
2023-01-29 20:50:17.307990437+00:00,0.167,fail,QmVsdhzpeadiCa7rQJk35ydV2y4o4dHTaHZ8TKFrvtbGjQ
2023-01-29 20:50:17.352830672+00:00,0.087,fail,QmVsdhzpeadiCa7rQJk35ydV2y4o4dHTaHZ8TKFrvtbGjQ
2023-01-29 20:50:18.562011177+00:00,0.052,fail,QmVsdhzpeadiCa7rQJk35ydV2y4o4dHTaHZ8TKFrvtbGjQ
2023-01-29 20:50:18.777327420+00:00,0.053,fail,QmVsdhzpeadiCa7rQJk35ydV2y4o4dHTaHZ8TKFrvtbGjQ
2023-01-29 20:58:03.660808569+00:00,0.069,fail,QmVsdhzpeadiCa7rQJk35ydV2y4o4dHTaHZ8TKFrvtbGjQ
2023-01-29 21:08:03.243185759+00:00,0.049,fail,QmVsdhzpeadiCa7rQJk35ydV2y4o4dHTaHZ8TKFrvtbGjQ
2023-01-29 21:18:03.641947659+00:00,0.059,fail,QmVsdhzpeadiCa7rQJk35ydV2y4o4dHTaHZ8TKFrvtbGjQ
2023-01-29 21:28:03.900254093+00:00,0.066,fail,QmVsdhzpeadiCa7rQJk35ydV2y4o4dHTaHZ8TKFrvtbGjQ
2023-01-29 21:38:03.116904119+00:00,0.062,fail,QmVsdhzpeadiCa7rQJk35ydV2y4o4dHTaHZ8TKFrvtbGjQ
2023-01-29 21:48:03.094915410+00:00,0.059,fail,QmVsdhzpeadiCa7rQJk35ydV2y4o4dHTaHZ8TKFrvtbGjQ
2023-01-29 21:58:03.661616300+00:00,0.067,fail,QmVsdhzpeadiCa7rQJk35ydV2y4o4dHTaHZ8TKFrvtbGjQ
2023-01-29 22:08:02.713194394+00:00,0.092,fail,QmVsdhzpeadiCa7rQJk35ydV2y4o4dHTaHZ8TKFrvtbGjQ
2023-01-29 22:18:03.949066826+00:00,0.092,fail,QmVsdhzpeadiCa7rQJk35ydV2y4o4dHTaHZ8TKFrvtbGjQ
2023-01-29 22:28:03.555431616+00:00,0.068,fail,QmVsdhzpeadiCa7rQJk35ydV2y4o4dHTaHZ8TKFrvtbGjQ
2023-01-29 22:38:03.841077464+00:00,0.045,fail,QmVsdhzpeadiCa7rQJk35ydV2y4o4dHTaHZ8TKFrvtbGjQ
2023-01-29 22:48:03.257186975+00:00,0.049,fail,QmVsdhzpeadiCa7rQJk35ydV2y4o4dHTaHZ8TKFrvtbGjQ
2023-01-29 22:58:03.556090057+00:00,0.056,fail,QmVsdhzpeadiCa7rQJk35ydV2y4o4dHTaHZ8TKFrvtbGjQ
2023-01-29 23:08:03.771925333+00:00,0.054,fail,QmVsdhzpeadiCa7rQJk35ydV2y4o4dHTaHZ8TKFrvtbGjQ
2023-01-29 23:18:03.705164630+00:00,0.045,fail,QmVsdhzpeadiCa7rQJk35ydV2y4o4dHTaHZ8TKFrvtbGjQ
2023-01-29 23:28:03.576878938+00:00,0.070,fail,QmVsdhzpeadiCa7rQJk35ydV2y4o4dHTaHZ8TKFrvtbGjQ
2023-01-29 23:38:03.687916951+00:00,0.072,fail,QmVsdhzpeadiCa7rQJk35ydV2y4o4dHTaHZ8TKFrvtbGjQ
2023-01-29 23:48:03.602420956+00:00,0.065,fail,QmVsdhzpeadiCa7rQJk35ydV2y4o4dHTaHZ8TKFrvtbGjQ
2023-01-29 23:58:03.759231650+00:00,0.140,fail,QmVsdhzpeadiCa7rQJk35ydV2y4o4dHTaHZ8TKFrvtbGjQ
2023-01-30 00:08:03.776237902+00:00,0.072,fail,QmVsdhzpeadiCa7rQJk35ydV2y4o4dHTaHZ8TKFrvtbGjQ
2023-01-30 00:18:03.877819820+00:00,0.072,fail,QmVsdhzpeadiCa7rQJk35ydV2y4o4dHTaHZ8TKFrvtbGjQ
2023-01-30 00:28:04.046246717+00:00,0.064,fail,QmVsdhzpeadiCa7rQJk35ydV2y4o4dHTaHZ8TKFrvtbGjQ
2023-01-30 00:38:03.727740297+00:00,0.076,fail,QmVsdhzpeadiCa7rQJk35ydV2y4o4dHTaHZ8TKFrvtbGjQ
2023-01-30 00:49:03.667075441+00:00,0.070,fail,QmVsdhzpeadiCa7rQJk35ydV2y4o4dHTaHZ8TKFrvtbGjQ
2023-01-30 00:58:04.553642763+00:00,0.099,fail,QmVsdhzpeadiCa7rQJk35ydV2y4o4dHTaHZ8TKFrvtbGjQ
2023-01-30 01:08:23.002815324+00:00,0.085,fail,QmVsdhzpeadiCa7rQJk35ydV2y4o4dHTaHZ8TKFrvtbGjQ
2023-01-30 01:18:04.839290629+00:00,0.228,fail,QmVsdhzpeadiCa7rQJk35ydV2y4o4dHTaHZ8TKFrvtbGjQ
2023-01-30 01:28:55.550519772+00:00,0.062,fail,QmVsdhzpeadiCa7rQJk35ydV2y4o4dHTaHZ8TKFrvtbGjQ
2023-01-30 01:38:43.493476544+00:00,0.107,fail,QmVsdhzpeadiCa7rQJk35ydV2y4o4dHTaHZ8TKFrvtbGjQ
2023-01-30 01:49:24.583321985+00:00,0.554,fail,QmVsdhzpeadiCa7rQJk35ydV2y4o4dHTaHZ8TKFrvtbGjQ
2023-01-30 10:48:06.191346962+00:00,0.189,ok,QmQguXYSKyTvNZM9edY88bhpaHEawkeu2PFA6TvZ6kZemy
2023-01-30 10:58:10.437537803+00:00,0.211,ok,QmSJBrbXXxEP5AMLRYPVwnnGRsSe8ZeFaD3AKcdEvS5cyQ
2023-01-30 11:08:13.959925870+00:00,0.159,ok,QmQaD8bGHagt8U8XnQtiJN7Zn7HrUPD1WC1HTMcpmp1ruW
2023-01-30 11:18:13.924468927+00:00,0.213,ok,QmQaD8bGHagt8U8XnQtiJN7Zn7HrUPD1WC1HTMcpmp1ruW
2023-01-30 11:28:09.785459727+00:00,0.371,ok,QmQUd6Gcrwew6dvFsGm4Zd6bnDMWzT1XekDaFH6RXF4Ba5
2023-01-30 11:38:14.000355304+00:00,0.413,ok,QmWW7tU2GgrEAfLiRYucZ2TXjrNWBUUcmBdjA6b6GE3gLY
2023-01-30 11:48:14.076533460+00:00,0.197,ok,Qmbjohg8GgtcvW8yuJx6oShwak8BSQFXzmnGMMXGYJrf9K
2023-01-30 11:58:14.495772081+00:00,1.431,ok,QmYPDg83RyX4caZp2i1WvHcx3NrN36KjH9gmjyTMTapiYR
2023-01-30 12:08:06.704276230+00:00,0.165,ok,QmVs4YaLfWGPnCgQX4mraZcv7CD1m9k8KRizwtgh3fZKGL
2023-01-30 12:18:13.525724795+00:00,0.149,ok,QmcCuq3jfzJ9xZeVXUEzPwV5y2onviXusfoKggSkVgShNa
2023-01-30 12:28:13.167369424+00:00,1.210,ok,QmcKGMCoaHxu3UkvGtEWfcvQoiJryS7Bp6XwT3c2Dn3ELA
2023-01-30 12:38:14.393835798+00:00,0.692,ok,QmdveiuebuTKJHrTXmQSyWzMUV7HMGkjHD8z96XBJxwk7b
2023-01-30 12:48:13.647418759+00:00,0.241,ok,QmapjSeCYmwwYpPZzoTywn2xRpYmPYovq2suPgWku318WP
2023-01-30 12:58:09.665108451+00:00,0.426,ok,QmRsJ1KAUeuuDv2EeVtaqXDEBEPofC5PUKWTM1nwa1sz6t
2023-01-30 13:08:13.877271485+00:00,0.538,ok,QmcGge8hBswx4rR6bpemfgwjUR8n5S4v1Ub3ZAc5U9aaXL
2023-01-30 13:18:11.243973506+00:00,0.537,ok,QmNzDcfhR7CuCg6nGoCHcKzyLksnkG8vvfeDcHR9yQrxC5
2023-01-30 13:28:13.066163500+00:00,0.213,ok,QmNzDcfhR7CuCg6nGoCHcKzyLksnkG8vvfeDcHR9yQrxC5
2023-01-30 13:38:14.785542975+00:00,1.050,ok,QmVbXuWLpUe4rGZ5cvRLsNo1JxD98wNebhxqLAvmw6pKWc
2023-01-30 13:48:13.523137334+00:00,0.397,ok,QmRxYkRaJWaN7hHYaecT5W1AHTBx5RHoJJZwxa12dhhLTY
2023-01-30 13:58:13.647535433+00:00,0.809,ok,QmbTRXb9wK6zZM4GQfTUSSHKm7inqgXft3uFyEmnnvGfqP
2023-01-30 14:08:10.153890371+00:00,0.528,ok,QmZWyhyqNWap2AvCoFNhvFfjJTijaQzW2siw5of6hM1in8
2023-01-30 14:18:13.788645558+00:00,0.229,ok,QmQ1kpDe9TwPFr13Cnc3T2Kjk9LQyJq6PfcUDHgLaMxKDy
2023-01-30 14:28:13.938616440+00:00,0.250,ok,QmbTKBDi7rjpR5XvHtArCg24TsomnncQVwpkENqA5eDbkm
2023-01-30 14:38:07.859510872+00:00,0.319,ok,QmQE3qw5JPgqLsa65bpk7cNgHQWpgLumyPB18c1oQfVkMj
2023-01-30 14:48:10.772067650+00:00,0.280,ok,QmcpuEmm2W1TTekQUbKXKbcJjfdGh9uEDPXKq12jLZ8igZ
2023-01-30 14:58:05.019387161+00:00,0.717,ok,QmbRVettrqcha1Zx4oKJBR6YVRdvyWzEUC5nzjifanZJQX
2023-01-30 15:08:13.742056565+00:00,0.106,ok,QmUg4miFjAzaW4bNftKVXcCg3dWe9WqYfFCC9ksQ3tmJp4
2023-01-30 15:18:13.983012163+00:00,0.601,ok,QmSEx6ZY64PyegwvTYv3ptZBPH9c7MdVUk63Rtpt27V3Vc
2023-01-30 15:28:11.075294608+00:00,0.830,ok,QmV8yRuU8LhMtm6Qd68paZLFARZbreDc2e19pSvrQSAJFM
2023-01-30 15:38:14.119676766+00:00,0.272,ok,QmVPsyH1YALTwqtGhksschq8jvaoBBLCrQqBpTd1mtjSAk
2023-01-30 15:48:14.123625506+00:00,0.509,ok,QmVADscR2spR7UCxvnt8nghgvUkf6hmq5gpPYXxP7NvrwS
2023-01-30 15:58:13.946160180+00:00,0.294,ok,QmZkG1Dg7m2AveHcR2KFP49ZdT74LCEQJbYWTUdjDb46BH
2023-01-30 16:08:13.938713716+00:00,0.267,ok,QmeEDw3qaYxfoo1Gq3zuJA3LfbBzDbtWUEEu6aQHzjhS6S
2023-01-30 16:18:14.895363410+00:00,1.299,ok,QmTUuRNpgBo62KikdEKBEnmCUcsBNoBmU3hj2wYcJeB1cD
2023-01-30 16:28:14.444474320+00:00,1.011,ok,QmTUuRNpgBo62KikdEKBEnmCUcsBNoBmU3hj2wYcJeB1cD
2023-01-30 16:38:13.768744314+00:00,0.172,ok,QmXVv4pfespEJ1egJsEkAnV9Nk5bYP55FXXJdptBgGrYHe
2023-01-30 16:48:13.589382553+00:00,0.471,ok,QmbYj9CxmPZpVfKA1ZQeLz3qHLyZAzmJLBCHnQsqsof5Fe
2023-01-30 16:58:12.968101897+00:00,0.258,ok,QmbYj9CxmPZpVfKA1ZQeLz3qHLyZAzmJLBCHnQsqsof5Fe
2023-01-30 17:08:14.110159425+00:00,0.571,ok,QmcABLvqgvmdjyzTMmPXxoPAbMtpULu2r6qTQ9i2J7Jus5
2023-01-30 17:18:14.244649973+00:00,0.474,ok,QmaE3R9gs95mofPxvBAB2Dp8cmPrWbokfGFhi78YQ8icd7
2023-01-30 17:28:13.782220622+00:00,0.148,ok,QmaE3R9gs95mofPxvBAB2Dp8cmPrWbokfGFhi78YQ8icd7
2023-01-30 17:38:14.222892936+00:00,0.671,ok,Qmf15eqsSpjRaUQ7vT1K9VQREYPr2PpffZaiJWXwzNjJNR
2023-01-30 17:48:11.919617998+00:00,0.872,ok,QmRtwa5eCG4PhoiG7aeSqnbmcUABEN4bk2yp9z7AtYUUK5
2023-01-30 17:58:14.371190792+00:00,0.821,ok,QmUdHxKZyX5wAjf6myhsqNzgtyjRu2C12QYUyVpzLhqicT
2023-01-30 18:08:13.519954166+00:00,0.670,ok,QmQtPNKZd26UwsZcxJZfLAEtHDMnHdCXkzNZwxGYfdiFW9
2023-01-30 18:18:14.242984150+00:00,0.242,ok,QmTa9er4qGPnsJPQRLGnrc9jVK2nFmnUu8iWYjf7txxaiw
2023-01-30 18:28:10.084431599+00:00,0.819,ok,QmVk52MXH77eN9Z9j1wppEghVmYaeCgBiemMzNbtYToP9F
2023-01-30 18:38:13.732174012+00:00,0.268,ok,QmaWUgt6peY6GC7PWrvPtar3iA9nynKMt3zACxcm4dPTwX
2023-01-30 18:48:14.054327375+00:00,0.323,ok,QmWFxuX5AfYuHhFuC7SWn5wXW3yvCtgnRctCtfyEFwk2LD
2023-01-30 18:58:14.237087043+00:00,0.247,ok,QmbbRy28Lbh8A9em2ZoyVVbYRbigfZCPHSeA5xFVY1cD3J
2023-01-30 19:08:13.836160450+00:00,0.251,ok,QmdeKBbM1TyAcwyXd3QZspZY24BcCzthMLR6yiCCZ6fQ2t
2023-01-30 19:18:14.413035402+00:00,0.760,ok,QmYQKDscGZFGdKNFB12V63VTppg3sYrUG1Z9bB7veMb3so
2023-01-30 19:28:14.558561869+00:00,0.935,ok,QmShGLD3ejxskHAb9bYizuCkb3N8qvjEezXyKQxnDX7YQD
2023-01-30 19:38:13.737345508+00:00,0.270,ok,QmPVfiP3kTiAtT8zKaXsdaSw81ALr2hPkWAmVpKCJrWbuG
2023-01-30 19:48:14.321602760+00:00,0.283,ok,QmPkrgphs1t9GzmDkxWZRDozT1kwK1RKddb71799DjrvbV
2023-01-30 19:58:13.854864636+00:00,0.471,ok,QmaqVx6oUsy6Z29kuvij14UuQU4yxQYputUYVg4Q14TYLb
2023-01-30 20:08:13.855113330+00:00,0.222,ok,QmYMB8v7YZT8MKq1kR58o4hGpanzhML8UkDybu2JRcVU6z
2023-01-30 20:18:17.059023535+00:00,0.233,ok,QmZ9UEbJhCZVDFY9JDtwA7RhhcMQsfYztazL3gTjLvvQEd
2023-01-30 20:28:14.222482507+00:00,0.394,ok,QmYJ71AYRtEPw3CaDm78RUHoJXa541eYMh2BAkZfPXDDxL
2023-01-30 20:38:10.224197467+00:00,0.234,ok,QmXuNYUvXk6oJQKSBVUqFzpHwmEcCNx8g72srtCb4dPkFz
2023-01-30 20:48:13.491588711+00:00,0.121,ok,QmTzevyC6gzMNGiJQ4eBTQceh5dS3gsYArg2cnND4gM5Cw
2023-01-30 20:58:13.727341487+00:00,0.707,ok,QmRT4vFppHHeTKn58cxQEWdp6SsjyvzZHRmmRgAqAg4YZK
2023-01-30 21:08:10.710215826+00:00,0.707,ok,QmbdP1hThYXZurg4WZsJ2Y92JbEn8m5sws3gxLZ9pc1Xzp
2023-01-30 21:18:07.010734558+00:00,0.134,ok,QmaupwMYPkEMAJ3YYqqHv94RffupQbbWHvzv2UowtvRhoq
2023-01-30 21:28:13.843348344+00:00,0.766,ok,QmUxqWQcy7oP595ujqJCuwn54GixukRpqFcp9H72qCqoZ4
2023-01-30 21:38:14.471452992+00:00,0.925,ok,QmSjReranCk1rRq8CfKCvzkWPNDTzgsYeL6vPuHWwdAU9h
2023-01-30 21:48:13.876786290+00:00,0.402,ok,QmWzgUaKq6EdUaTUbsHVv6LLeCkBdaEHwVeN2wWv7iLs7u
2023-01-30 21:58:10.346803973+00:00,0.236,ok,Qmao58Kr9qUjsTa2N1EwYtTkrEmUcCD8sQHzyo2wdxxqX1
2023-01-30 22:08:13.420975665+00:00,0.340,ok,QmYzidwJWB6VQKqefYAKMiYMcusJcMxPmTa53T4vtDTsyD
2023-01-30 22:18:14.210806481+00:00,0.542,ok,QmdKBneiGn4RPe1v9Y6ZqMNvoe8hPfVtMnaoWB1qH5VweA
2023-01-30 22:28:09.888017966+00:00,0.366,ok,QmQDxLLtRe6rr6URJedVjGJBP31YpzguXBP4zG69xbfotc
2023-01-30 22:38:13.784157139+00:00,0.336,ok,QmNzfTgNS5S2ydoDxieGs5KGFRmrC4n5kSkY2TXZzEpcb7
2023-01-30 22:48:10.870286796+00:00,0.187,ok,QmSQxhnRCWFbQKHCVMY4tvoQcEos98Y7xMjDeoAd58qzU9
2023-01-30 22:58:13.155058126+00:00,0.195,ok,QmQ8QzPWZxUrwya8y8AAMgnX4diTsJe2ZFox5CS5sxKvxH
2023-01-30 23:08:13.557601241+00:00,0.336,ok,QmQfDsx3m7CmDXJEBqNQveciq3pU9Sx1UsBV1fgUfgnpqe
2023-01-30 23:18:13.832002659+00:00,0.159,ok,Qmf7KtvZ2Q25NHtEfXST1iTgJyrMNg62C7Qgks9xAFKGKC
2023-01-30 23:28:13.631339452+00:00,0.213,ok,Qmeu5rgYGAvm6vLbMANETV5ziwHdvADsupyrnC4TA6VYWY
2023-01-30 23:38:14.409575760+00:00,0.244,ok,QmaT1f5T11cFP3BaubrX4g5J7wDR1irTVMWC79fU5nRLfv
2023-01-30 23:48:08.808039799+00:00,0.630,ok,QmcFu1wG2vHNjpgwgsoYG4tYHCwXq7jSwXR4A8ALztCdZi
2023-01-30 23:58:10.482921651+00:00,0.804,ok,QmS7p7DPKQkmxG7Z2nHQ8RhzsyLjKT6CfStRUZcXoaNckD
2023-01-31 00:08:13.395132430+00:00,0.450,ok,QmakZH2wRDVdk6QZdj5HJzM5T6f6wjcRnaBCkZ4hB2EXkt
2023-01-31 00:18:14.033421994+00:00,0.130,ok,QmPqxuHGoPB1TKisCUZVRBemFs7fpDexof8NZWqotMtgwk
2023-01-31 00:28:09.232961374+00:00,0.463,ok,QmQRaMhJeD9cX1vkU9EvFhcATSWy614wL25ipLSjSxFpwG
2023-01-31 00:38:13.841413660+00:00,0.337,ok,QmYHFuoZxUcx72zaT8e7bSBKGDtFhrRVhFERnVQvZD2bvJ
2023-01-31 00:48:14.928961293+00:00,0.527,ok,QmTSFDBq2ELRfitJehsinDAwHG3pXGvwmgNYmqt4Hb8S1T
2023-01-31 00:58:04.958109298+00:00,0.358,ok,QmUiSYKmov4BpLskC9w2wdNpxH9hr1mLXLAiXiSqak4K5C
2023-01-31 01:08:14.178373129+00:00,0.344,ok,QmbkhrTupTCTQp6yvRyYmjze1wKmzTgzG4BxnNzFDJ3CP8
2023-01-31 01:18:12.058586722+00:00,1.939,ok,QmWctPdDkx7emwoWstyTyMuLZn6yhqvpaBuXJemqFwsVGs
2023-01-31 01:28:09.526940076+00:00,1.191,ok,QmWmfKZuW1psEumgaoSQCPt86ZyD4m9XyHkMNvjCLAgVpD
2023-01-31 01:38:13.517730711+00:00,0.763,ok,QmNhJMrF4SKffL1bNs6vQasjV25V3hqp9EoUUQNGbJ7XjH
2023-01-31 01:48:15.842460706+00:00,1.870,ok,QmXrznpkbS3bjqxUXe3omuLxVGjE3nbq9y12Disq5U78WT
2023-01-31 01:58:14.074579875+00:00,0.196,ok,QmSmw7aAofBoUKTgtjjV7gPiRSemG5UeRiE4RPjrWXgz1H
2023-01-31 02:08:14.081762172+00:00,0.208,ok,QmagMCK6JPvJzsUpMFQUPW9cxLgc6Pk2DQS8f6i7rLWAT7
2023-01-31 02:18:14.408178332+00:00,0.289,ok,QmWJZkgUVswEs2SK4uzs7eM9XvGkqcD2zEFCgXDHhDpHQc
2023-01-31 02:28:14.037664171+00:00,0.378,ok,QmZksCoAwPkv7xxrifSch6M7x7KN2xsaKQGDFHuGoVjPMD
2023-01-31 02:38:14.159568889+00:00,0.197,ok,QmRSc1m9MxSyuGbJrtfG1Qte4g3B4Civv9bPd2coYVAKFy
2023-01-31 02:48:07.836000115+00:00,0.611,ok,QmTzLvLrE73jVx8KRfrumfuF3gtG1XsqioQanuF6NLk5BN
2023-01-31 02:58:13.858280856+00:00,0.525,ok,QmSXFZMJPTZcBs8YU7xdTf8JP3iqcQpBzLzvTddJiWR6Bs
2023-01-31 03:08:07.323348060+00:00,0.168,ok,QmUpLpfxCM6xhGEPihsm5YBcdLafYUxvUk6VzuKE4vtYBq
2023-01-31 03:18:14.618696089+00:00,0.882,ok,QmdGiDvXGYrzJwqSdJ5e5d5XQrB6gVESv4kcwZ7PEiZxCt
2023-01-31 03:28:15.185108587+00:00,1.419,ok,QmdRP3KcGPK5nWeyYZWWmGMCLRdXZXWFpPux6gQ4VhKZBZ
2023-01-31 03:38:13.558914948+00:00,0.145,ok,QmW8dGtQQT6VnJGFdywyBsHeXWorAaw62umKhn34E7F3Ha
2023-01-31 03:48:14.096843148+00:00,0.714,ok,QmZidGHDkREv19CNiJ9CrGmLzgPLJWqFT8CVkytrnSav4f
2023-01-31 03:58:09.647563072+00:00,0.186,ok,QmcgMwiQeKNBNk58yTSsxg5xFKtd9GdayHhMVqJB94Rkqe
2023-01-31 04:08:14.478183822+00:00,0.368,ok,QmUjZ3NuCucsjshnEBMksVP3e2Sr9UXk17v7xZRTTiZb2R
2023-01-31 04:18:14.480899297+00:00,0.163,ok,Qmf7unFBGEH6KJiwf9g8hQgsM5CoKm56u3tLaEAkZRNgJc
2023-01-31 04:28:07.338736044+00:00,0.521,ok,Qmf7unFBGEH6KJiwf9g8hQgsM5CoKm56u3tLaEAkZRNgJc
2023-01-31 04:38:13.897330223+00:00,0.447,ok,QmXKMfujr4ogAD8d3WbyoD89LH756QA7Pe1iXHaqyPWkRn
2023-01-31 04:48:09.419995610+00:00,0.610,ok,QmQNcd8QvicMzDbvK5JedwtmfXo3z5ubtADZw9CPEJV61h
2023-01-31 04:58:14.217377037+00:00,0.321,ok,QmWd55SD1EMghLGts82jsHihioQASoh57aSwxwMfDHBqqQ
2023-01-31 05:08:14.363280275+00:00,0.829,ok,QmcMNHQrcXgha83r4jbEB5uxJ1APi12q2T7eDVft2RJNue
2023-01-31 05:18:15.226769069+00:00,1.782,ok,QmcMNHQrcXgha83r4jbEB5uxJ1APi12q2T7eDVft2RJNue
2023-01-31 05:28:14.100249156+00:00,0.234,ok,QmYK4TzJTRCWfWKVB9JkvtbKq2fH8uknn8znG34R11yZTb
2023-01-31 05:38:11.992984809+00:00,0.239,ok,QmPLV9re2AnwcArrUTeWd7tv3N29URT1g2iHCuVpBEaLSy
2023-01-31 05:48:14.526073042+00:00,0.500,ok,QmV7ou1b4rRQx19iup3vLW6C24A1CbQcFcj9WSpyQNSZmA
2023-01-31 05:58:08.902497964+00:00,0.481,ok,QmV7ou1b4rRQx19iup3vLW6C24A1CbQcFcj9WSpyQNSZmA
2023-01-31 06:08:11.093616346+00:00,0.269,ok,QmaXyvtUWcgg4EbqAzqnZ7LATxfGpZ4SPbV39nn18wESyz
2023-01-31 06:18:13.769543196+00:00,0.150,ok,QmcuysZ4zhtYGzfiK6jzYqqpotPnHJTmyL1nffhuHfHNPg
2023-01-31 06:28:14.508432269+00:00,0.406,ok,QmST3pk29aApVZ6srTzUiF1hM67BrRwbJ6PCcWDnfCJPBK
2023-01-31 06:38:13.775318370+00:00,0.323,ok,QmQgLzvjjZd4F3RrGss5dCVnCLJnQepKATQFfaoeSKZQn9
2023-01-31 06:48:14.025673967+00:00,0.255,ok,QmV84bVyWRrqYRxorUdVKXfjrKDUWS6YyKbxi9vSUN13DZ
2023-01-31 06:58:14.334322807+00:00,0.194,ok,QmdpchrCYt4T7eRTRsWpjSKuhHAdebbDoHBgAdgJkSicgo
2023-01-31 07:08:11.537830420+00:00,0.299,ok,QmS2HDTt2vgFhrm8zZz1z1uemkAq7n6EGpA3Nk7EtAcgLK
2023-01-31 07:18:08.074243896+00:00,1.153,ok,QmWYbKTLKAyRmsB1fJ72L49tm7Jq4swYcgmNHDzcUWGzU8
2023-01-31 07:28:15.740191802+00:00,2.017,ok,QmdMR5jL7396rHJapkCvmiaWMkMdVNFh117GA63e1EWsD1
2023-01-31 07:38:14.164617024+00:00,0.274,ok,QmWyWrjvfP8qB2G63AZBdMajqkb5Fm92T5FVA3ehNoknGu
2023-01-31 07:48:14.607119492+00:00,0.253,ok,QmVbvYCHrdPY2nK1h3FXKBjH59Pq6qZiZA1qLtxKpg63KQ
2023-01-31 07:58:10.659897282+00:00,1.654,ok,QmWu4bapdSjucwRVw4PPSKfarKf6G27LxPMXs4GJ7BR4Dd
2023-01-31 08:08:14.703254823+00:00,0.476,ok,Qmcd6D8jZxxhJNyCBu4ApwX1xc2P7DWj8PqReEQL52rRjn
2023-01-31 08:18:13.786774017+00:00,0.206,ok,QmNWeZQi5r4b9dSR3ftNkpBtEcz89FsSdFWzPFWcKEMDJX
2023-01-31 08:28:14.485412412+00:00,0.775,ok,QmSwTk18iZF6idgWxRgtSCPAqRGafkYKz73WS2juu3hsr7
2023-01-31 08:38:14.370309018+00:00,1.041,ok,Qmaagmz5PG7118JH3FmQNmPHH9z8CLYBj1bn8PTvReej93
2023-01-31 08:48:14.273793790+00:00,0.914,ok,QmZN3KUiDi7MB8AFygtYerauEEEMgtEwxLY3HVb2NG9Qht
2023-01-31 08:58:14.559875467+00:00,0.451,ok,QmX1rMNSxGBNMk9jWY9Siqn83LAdbkAav93ZLMzXxmREH1
2023-01-31 09:08:14.874393267+00:00,0.648,ok,QmaUrYVqwLzutMDWU5d18m5QNq9vH5cXWZb4885AaxvJt3
2023-01-31 09:18:14.266507381+00:00,0.445,ok,QmZAuUTcADDk4VzEtAeeMUgfBkyChQd4kJZh12pUSExthd
2023-01-31 09:28:15.605970620+00:00,1.583,ok,QmScWvPJkjiH6ARPeyoEaoUJxoq3HxFMTTEJC8kdE4J2c1
2023-01-31 09:38:14.074863069+00:00,0.220,ok,QmQMARoJ4FZwjtyFfUPtRu4ad2FdgDpQD9rue6adY9pBdX
2023-01-31 09:48:11.179467734+00:00,0.701,ok,QmRvJpk2Um52RH6QistUBc9nZ1EGtK82rTBZFxDDf7Magj
2023-01-31 09:58:12.601334436+00:00,0.260,ok,QmXJithRDFn2CqUq6wj4ySAQkoopeAfxtwxSj9jQsqedxN
2023-01-31 10:08:14.836009425+00:00,0.936,ok,QmNnGxCrURc6Jcc49XPQDbGuskkLpmvNMy9ZPe7YUVRvds
2023-01-31 10:18:14.158160126+00:00,0.825,ok,QmWwfY67osdTVb12PQmUaFFWMDrR4HjgyqsLn9mmSThD7m
2023-01-31 10:28:12.272349031+00:00,1.093,ok,QmSDh9o4iKnFWssLGknuWqmxESqrxWDQp317KHhxrNVEcm
2023-01-31 10:38:14.677623300+00:00,0.751,ok,Qmch5yNKwdwgCS34vGULELAMajeRAuZf8rq2u9T8Cs3BfB
2023-01-31 10:48:13.690186845+00:00,0.234,ok,QmXYq74vhdrTfhHq86NxX4DdPoWGqczUDjfnDPJT77goi3
2023-01-31 10:58:11.410577389+00:00,0.529,ok,QmTyRxQ27EgdnheGw8cE7tdtyf1EgSUSBxCWHM5Dr9nxWF
2023-01-31 11:08:15.044291362+00:00,1.161,ok,QmbnojKY2EUGyApNYtwcXu3bfg74xUP6PPftgzMxB3aWwX
2023-01-31 11:18:13.720889580+00:00,0.740,ok,Qmaaqm1DRFSnWF8EGRdnejqCE4tc28z5coSGHbUxbQi1Mk
2023-01-31 11:28:14.041897836+00:00,0.596,ok,QmXtHFtPFGo6mZ1iRFbUN6FtugogxvDf1X6eNG5FxqS5oA
2023-01-31 11:38:14.144090718+00:00,0.189,ok,QmahqB7T4orpJBtsgMQdwhbBDK5zWQNSjtcWF1psL5RK6J
2023-01-31 11:48:14.193399419+00:00,0.681,ok,QmSBHYjFmhzSnnSCvnP2E5v5wBCfyEv7WUxHfxz4E8cetV
2023-01-31 11:58:14.412140062+00:00,0.768,ok,QmXgx9N7GaAnxd7nkFrSsXdoBKGsd1uLSsKJpTiNF8HJrZ
2023-01-31 12:08:13.999256983+00:00,0.580,ok,QmfBzVvkVE1svahT5VmiukF9GouZgbbAnu2j39MYhsav2d
2023-01-31 12:18:11.032490655+00:00,0.296,ok,QmRTAoErctmNA1mwiBmzzyfbm26XKE5HGAtDe1zLHoBZuy
2023-01-31 12:28:13.680008080+00:00,0.141,ok,QmRbuzVdQruqZJhPib8ubB9LV9YJ9WwTi4Q7MSCEvsGhZh
2023-01-31 12:38:14.522343094+00:00,0.640,ok,QmQEY4hqBgBU6rHeFq825dnutrqaDwvdL9gS6CtmDZ66gF
2023-01-31 12:48:11.290255337+00:00,0.562,ok,QmYBPbdeYsP641EqMcqobdwYU8kYWAfLspPgGk9mTnNTah
2023-01-31 12:58:10.982679883+00:00,0.862,ok,QmeMV3tF2aXJLecLk5T2MRXxt3yyN13eukRRzkhkYSdspb
2023-01-31 13:08:13.932513097+00:00,0.199,ok,QmRnicBgZdzC7g9gP1ADtyfF3QXmYrJzcotQvEXo11ufdr
2023-01-31 13:18:10.931054466+00:00,0.817,ok,QmRnicBgZdzC7g9gP1ADtyfF3QXmYrJzcotQvEXo11ufdr
2023-01-31 13:28:11.798897385+00:00,0.809,ok,QmdAsFXaMhmaErCHsVqzU5Heu8xLoQt8LY1smCdiHDcGfm
2023-01-31 13:38:14.263683676+00:00,0.531,ok,QmRm2kRGVHe7yxcupFQ2Xg3nbzrsiPAD1M6LoKPgr25g7K
2023-01-31 13:48:12.635247366+00:00,0.198,ok,QmemFcUvg3UKf6E4bSemRGpnWJkdBHnV6Wc3EvMuv4WBP2
2023-01-31 13:58:14.311908061+00:00,0.493,ok,QmaM3cE282Gt1Nt6Sx67C7YcQRnEU3nogkKreay4QGc6FJ
2023-01-31 14:08:14.363490974+00:00,1.013,ok,QmPorgg87vo9G2RzBct4X9ZiDwcHhSKg9JuCe6FLURPrjF
2023-01-31 14:18:13.859255375+00:00,0.329,ok,QmRzcYL8ziWqR1mibStSNd6sCPquhYCNnyZ9EjKYnzVWcc
2023-01-31 14:28:14.705803121+00:00,0.647,ok,QmVbn8SsVTBBbxjtuV5mNFRTFdwSAqSBYnBYrbBM4K97F3
2023-01-31 14:38:14.124874633+00:00,0.189,ok,QmZjWFBtY43wTRRbCyEzuQLSVN3xPRZrBKKrHp8TsmSBKo
2023-01-31 14:48:13.772946250+00:00,0.521,ok,QmTDjydxBuNAF45JDZXXrc5a7GoUPww7kRbH6M9XS1ZSaw
2023-01-31 14:58:11.851530431+00:00,0.655,ok,QmY4VoFe7Biour3LEaY3sPtazMzPNehbwtWcPUUHvd1FpK
2023-01-31 15:08:11.220031067+00:00,1.583,ok,Qmbkoby3iWdFfAr3u9Zhx2Zs2QzV6fXNf5b5RMQqzNBM8D
2023-01-31 15:18:15.414228134+00:00,1.804,ok,QmfMy3v6CWFvpQUA48SihGnzAv9TkoEu8rzgFM793Cqqw5
2023-01-31 15:28:14.374032535+00:00,0.273,ok,QmYoAY2mhsGVzEkw5nSzRKEqxVhCRjAM9n7XwhPVUnSfhe
2023-01-31 15:38:14.766637239+00:00,0.768,ok,QmQEAS1WV4AMc8up3V7oVsWHxPhoNaFCYBWBSL6ipCAe6V
2023-01-31 15:48:13.831245368+00:00,0.347,ok,QmbMqmX3hw1vVMF7Fd1jXQotG95G4gW1JXWY7MhxrExLwo
2023-01-31 15:58:10.760238233+00:00,0.851,ok,QmUnLSpFveQetEpSWPNoLvdDfPHWL85wX4oT3E24rYUzsJ
2023-01-31 16:08:14.600546667+00:00,0.278,ok,QmQoBgtokx8AXY7DH5TT3mjKgi83QgWpAbFG9671LF6eUh
2023-01-31 16:18:13.813957407+00:00,0.178,ok,QmZb8MoetRE3DYyTPp6BruBMwmcMdnzsCjBUVYBQ3rKDdj
2023-01-31 16:28:05.865976547+00:00,0.150,ok,QmeYr3CkquCYY1rU3WE81oDth2w7RCfTppa1oxRcA3DJ2a
2023-01-31 16:38:10.173369916+00:00,0.525,ok,QmQXPmrNMdcYVdJ5f1CKhj8mBDJz5XCn5bXzBFYGn2tt5u
2023-01-31 16:48:14.111394322+00:00,0.612,ok,QmRUsjfg3cfTcC9VpgTzJYMX1sQod55qXC7JcGexc2JHdv
2023-01-31 16:58:10.287739919+00:00,0.840,ok,QmQ4tUoXQdW9CDkgG1Zre9P9XhHVMmi9y7Vamzu5u88Rmh
2023-01-31 17:08:14.166211730+00:00,0.643,ok,QmTK3auc7bwnRrzp2Ujb4zZq7AFo842XRx4THtTLjR9dWb
2023-01-31 17:18:14.355243062+00:00,0.198,ok,QmbDGpKrYdCWNgHEEX1pXZ3qHQH6P2G9B9h6xYMibSMVdr
2023-01-31 17:28:16.464442846+00:00,2.275,ok,QmVBKyEhicJgot9xAdj1bBESaVWSVisagefHGXp6G3Z27S
2023-01-31 17:38:08.747884890+00:00,0.395,ok,QmcJG88oPCrDBbkh61afRiihY5eN163XkJhpYhbocBMuZ9
2023-01-31 17:48:09.713676071+00:00,0.446,ok,QmVRiAvYbFPTFF8BDUdAGQTvSHFSQNtpqXY6uk9vRXzxpk
2023-01-31 17:58:13.085836551+00:00,0.263,ok,QmbNB6vHZ1QBGJXkmea1cMz3SXUXc9rFAcuL6e9j5g9DbX
2023-01-31 18:08:11.450248541+00:00,0.649,ok,QmaFirHPNguw9uH7T8uqWasWCe8sgoGZo5Ahh5QmyVDJqV
2023-01-31 18:18:14.471581398+00:00,0.707,ok,QmULsDF3yeN2A4g136c46hpEBP1YVXfSiw1bEpBtREQM5y
2023-01-31 18:28:14.114700522+00:00,0.337,ok,QmYYyTaADnRHUXbUoMiowJgGXWsyTvMGdY1NohmWunnfnE
2023-01-31 18:38:14.326321530+00:00,0.404,ok,QmVZ7XCnvkfUDroCdcySjq5jv886SG5zY3v5bAUxahjFyg
2023-01-31 18:48:14.533525964+00:00,0.461,ok,QmcDLUUb8uUmznrM7MBVNdxgT8KkAG4GAHFh1Pdp4ydnxd
2023-01-31 18:58:13.738039029+00:00,0.249,ok,Qmded4WtwxbKwadHHW7p8KbRca3qK3TzpXNwC1NCYFaaTn
2023-01-31 19:08:14.468796461+00:00,0.568,ok,QmSbUbRjyG8XfKiByaEAnbyhCTp83D2m12ZnyKYzuxhsLz
2023-01-31 19:18:10.516619900+00:00,0.099,ok,QmPx4P9mYErAmTjdX4vDLSw2EStH3rmbScR2WbSyJXQDCs
2023-01-31 19:28:15.615039087+00:00,1.711,ok,QmenFmyuSSt7wisPuZZdVsTU2idkGQ2mopGZBVqyf5n2Cd
2023-01-31 19:38:13.353925401+00:00,1.070,ok,QmXPCjaKkLvPyZCPhsHgtNaW1pVsA4LNvwh8f5Xnfy8Pdu
2023-01-31 19:48:13.785874144+00:00,0.414,ok,QmTEUbhNNqwYtRhbCL4M3bHuNk3tJAqwH16RXLyHxUkHzA
2023-01-31 19:58:10.827503504+00:00,0.581,ok,QmZY22uBhuS3yo81REX1rrCvVZCV97MyhzsChBZJEzaTb1
2023-01-31 20:08:14.189605639+00:00,0.672,ok,QmXy1vb8RPPG9U7gCueLV7iVTrX95dhzQF8w3hvgEax5Kg
2023-01-31 20:18:10.672648874+00:00,0.813,ok,QmensTqqHi9Vq7jQR3MKLTMSNtDWKnGB5cbCJ6EXAEshNq
2023-01-31 20:28:14.211782702+00:00,0.586,ok,QmRH22ifqPyHiauq65X3R9inoC8QrM2jpjzKGkHkFTMvBe
2023-01-31 20:38:14.725041485+00:00,1.250,ok,QmWGp2jRW2cBiF9HjZ82Lh17qR57uBDAdBiSzT9LcjTUfk
2023-01-31 20:48:14.702692167+00:00,1.091,ok,QmNiwfrQSsX8tpfxJxQqWetZ9fB6f5P1NWUenKRXL9Mdwb
2023-01-31 20:58:14.434948694+00:00,0.446,ok,QmeXA9yzSWpvAVu19hgrUHGw7WUT5AJnXH68AZ8AMzW9Xi
2023-01-31 21:08:13.903887374+00:00,0.664,ok,QmVLrSQerqeTTaozPTzQSzBAbUAV7cSGJW3rroN2M6F5wH
2023-01-31 21:18:14.404589916+00:00,0.401,ok,QmZoJKUpzyCDQLhS67PnTcucPiSxMHQHBdKeBTEey2kRV3
2023-01-31 21:28:13.374929329+00:00,0.274,ok,QmWgwfgB5Z6AC9FyfvdfYqfzYVK1oTHAH7aKTZDk3gDiG9
2023-01-31 21:38:08.395884583+00:00,0.585,ok,QmeBYcpLmWsVx4YrMF8xAVUTJeUMz6BLnmAUZ3XV1BZdPU
2023-01-31 21:48:14.654750945+00:00,0.809,ok,QmRkNd8sHUxPoJE8QDtpe99su1LXAumDEaU1x1QsHjHgmm
2023-01-31 21:58:12.886169240+00:00,0.517,ok,Qme5Bwm8qkvPsAFnnza93BBqTJFTg7AkYYxrjwUceNiozq
2023-01-31 22:08:11.120700508+00:00,0.247,ok,QmTAn7zBvbF4ibF5zd2FUtSeSuQn4HJNsmzn3DRU8gioAR
2023-01-31 22:18:11.370988540+00:00,0.260,ok,QmTe5tPMMt6fkGxSmsU5MK48BNigAL5kjqBKpmc6Fr1VNf
2023-01-31 22:28:15.142634150+00:00,0.751,ok,QmQBL2TVCpzwkhG68m9LRLe98e5aMa9ithuGCqmgNDWWGb
2023-01-31 22:38:14.428724507+00:00,0.508,ok,QmRS1sFQMiVXyorsx5NTEcptRAGHQKBo2K1NrVBX4WTFiv
2023-01-31 22:48:14.221211304+00:00,0.708,ok,QmQhAytFiwTbafgoFNqtsyEnea367QYEquoNhyZEGRs5zP
2023-01-31 22:58:14.746810681+00:00,1.379,ok,QmfDpvKh4HRUtMctfw1a13i4fFcWK1DDhx1q93bMyd6gaC
2023-01-31 23:08:16.343803825+00:00,1.978,ok,QmR9sjZ1C1JSYdf5aBbgH3i6jjsNK5heBNSdZ5shHRnNzo
2023-01-31 23:18:14.449543343+00:00,0.699,ok,QmVFGe8Hm3eqMX1v6SnGdVi9ah2ud2t7GVNe2mLwXMiV8x
2023-01-31 23:28:14.295491754+00:00,0.813,ok,QmTCMyK7GtA96qdQz4yFtrxAfP94qjfU5urVXYps8jZ8tS
2023-01-31 23:38:14.126891275+00:00,0.189,ok,QmQaAMR8gKRWoCXxGq44knw5K7VJye2BjKCYXynjSbnG4g
2023-01-31 23:48:10.356468796+00:00,0.247,ok,QmfRqGHre3461sEUWZ1Gq72U3zP19ur3v7NswNAuNuc7T6
2023-01-31 23:58:13.796332096+00:00,0.342,ok,QmWkTvAbUtJGkJa3Gpmp62WFjVmZpRC6LymB5nKo86oNSm
2023-02-01 00:08:13.645274628+00:00,0.155,ok,Qmf3fRuYhG86WRpSvXmuYpkui5hVQBohwpWRf5XWEzYH57
2023-02-01 00:18:15.305732638+00:00,0.332,ok,QmebRiqZJdZsvKbJFpQ1q6dKwdLcsEVNgBPD6y6MbLz2h9
2023-02-01 00:28:12.463071649+00:00,0.337,ok,QmPF2CCim2ARSNSZ3CEJ2TPR2YAQkgBwem7mVzPwncEeGV
2023-02-01 00:38:13.597365431+00:00,0.291,ok,QmYdNBpWatYLoAG9ouRGXJ4z4WE6772nWFWj6dTzb5ioLF
2023-02-01 00:48:13.478554202+00:00,0.189,ok,Qma4kTkEPnmT6XbwXqt6Udas3mAaan9AeH1oEkysfuB5L6
2023-02-01 00:58:14.139001676+00:00,0.667,ok,QmRZdR2zTdPtE2ZkpBYnwLPAKiCrRYPYPTvxeVgySVXN8R
2023-02-01 01:08:14.678497842+00:00,0.681,ok,QmdbYLEvHJAYVbP7bRxVRn6v3SntfeUY9jAe18t9Uie5q1
2023-02-01 01:18:10.883635397+00:00,0.476,ok,QmVbSQXyPpK4rTYm244nb3ESjw1N9AkmzgSgCyaTjJUUPP
2023-02-01 01:28:13.717279789+00:00,0.378,ok,QmPJqwytWRMgSdrLxoqTTg2CfnTrxgJWrjuc6hPkqL9Tn4
2023-02-01 01:38:13.854132877+00:00,0.420,ok,Qme12SfZafhpowqMouhKbDb4LLMREnHUnzc2t3CZ6xQ6z3
2023-02-01 01:48:13.445446449+00:00,0.189,ok,Qmb8VnNWUrhHAz57b8kjQyyhtsDqWjdPAx7j1Kh2EGrtgs
2023-02-01 01:58:14.215638967+00:00,0.518,ok,QmX3ZnoQ1aMD78UXFVGN6uPV9925fCLrzRHxpKbgfJpskX
2023-02-01 02:08:14.860117268+00:00,0.812,ok,QmUE5pNF3JTQV5weqmEAyeLitqF6QTY6jafJ72giGKpgbn
2023-02-01 02:18:14.100643782+00:00,0.427,ok,QmUE5pNF3JTQV5weqmEAyeLitqF6QTY6jafJ72giGKpgbn
2023-02-01 02:28:09.645468539+00:00,0.710,ok,QmSAe8BtJuDuyrEUYC7o3mjSq39Hr6fFY3AiNbsugjYDNt
2023-02-01 02:38:13.630757894+00:00,0.180,ok,QmWQaAFo8msNC5fTEKa8HwnxmuGzoT51eCzVfFERdZGmE2
2023-02-01 02:48:11.546164675+00:00,0.617,ok,QmYTBmwwTriFYrkfne8YU4WPLkcKm3nb1g4K5HrsnpjVaU
2023-02-01 02:58:14.078736002+00:00,0.416,ok,QmRPct7DMkui4mvt1qTLTJsDWvzCGobohw4yXZKhw8kKT2
2023-02-01 03:08:14.203568303+00:00,0.392,ok,QmNk3q5UhpU4eMB8YFThATUUYX5HyvCWHHcvg8dC9AGRxq
2023-02-01 03:18:15.171795974+00:00,1.109,ok,QmRuNRZu5E1XcxBySVh21hWJgLdLu5s51SChHVG7vWC6n5
2023-02-01 03:28:14.612354261+00:00,0.945,ok,QmTP1SsyKFRqjUqyZ3h7BCsV5MS3SyqEUsESqZJgT3oknm
2023-02-01 03:38:14.418183916+00:00,0.321,ok,QmRSWdErqNhD8Bh721wgLmeVBhdC8YH1VfihoEvJCJvnLa
2023-02-01 03:48:14.787993967+00:00,0.913,ok,QmdhNsZYQZbNqDpGuNL63vVcXdsG4pXRz2XT9QWyDBLM7W
2023-02-01 03:58:14.209774841+00:00,0.460,ok,QmWJA9tJdA5fTWYVJnbNueoLpTZRxFDEst6K8CpFWgY9E6
2023-02-01 04:08:14.214579380+00:00,0.848,ok,QmaCoXGZ4aCKYfab9mMCHxA1y9fjseBoGe57wB19Zt9fCa
2023-02-01 04:18:12.846272968+00:00,0.192,ok,QmagqWvZLb3DQipp4CyBUXRGAqpuioEj4pRcK11KGQzhBk
2023-02-01 04:28:10.165724120+00:00,0.680,ok,QmZHgiW3xCnzH2BWxGPcAKjGhB4RPEDmMPc7zvgAoiYBvZ
2023-02-01 04:38:14.623833024+00:00,0.942,ok,QmQK125Lvme9P6BV7juv7hNP1Eufcia9amh2hwLjhaTaR3
2023-02-01 04:48:14.047304460+00:00,0.749,ok,QmX35FtrVPZp8vtCi3LhgzLtZC2GfS7MtnSxDU66QqCYsy
2023-02-01 04:58:13.954004345+00:00,0.565,ok,QmZ25vFPENxNZbJGDdM87dzbV6LZEd63QYx3WAFGFrShuY
2023-02-01 05:08:14.153604848+00:00,1.072,ok,QmWSKtiex1ZggZv6iv4zNQrRbx3qR8VJGkB8rK5DwFNinY
2023-02-01 05:18:14.129345093+00:00,0.603,ok,QmXjkxpNcgvnFMEXKF6S8EikzmroGcmZ1GjHQQARjcRyD4
2023-02-01 05:28:10.195497685+00:00,0.245,ok,QmVfHhxY73SywWSEPBoBR4NZpXp6TMB6bioQvKx62Bk2LN
2023-02-01 05:38:13.988382930+00:00,0.157,ok,QmVJwpgd6vPChs87DRVeE5hbYrLKKsw2wXvzRrDxVHdv2s
2023-02-01 05:48:13.891750424+00:00,0.325,ok,QmPLvxWNzfqNkEQYteoHyTZmGeqDoqjbxGewpzXBVjK6n7
2023-02-01 05:58:11.133370575+00:00,0.653,ok,QmY7M1fDaDYCDvb6xu2gi5miWV62XH8uyxTWud4fDEjLDG
2023-02-01 06:08:14.796059465+00:00,0.530,ok,QmeWTeSUUmGSyt2DhEGrStmUwGCqcLtPAQomZEP56icaMt
2023-02-01 06:18:10.070287950+00:00,0.284,ok,QmQ6izKXjiXBq1EtM1jmfdCep5R5wFNamhWakkDVDfHC8R
2023-02-01 06:28:14.401012967+00:00,0.220,ok,QmRDeExgPafJzw769pUXFzSSQ2pgtgNfEMF3mwfRQQpBG2
2023-02-01 06:38:10.708130017+00:00,0.809,ok,QmZdSSfXpJ8sx6B8w8NMEB4qEtRRgPnu5n4FxEa7FEWLnS
2023-02-01 06:48:14.012424676+00:00,0.259,ok,Qmdh2xujKmCCuktwhRr7gQwQperZ52W7K1Qibxx6DgpzLJ
2023-02-01 06:58:14.041103776+00:00,0.385,ok,QmSX6brtLoTykpRfidytp2n1mf6whReNJ539v1zymyeiXm
2023-02-01 07:08:08.351987233+00:00,0.502,ok,QmSX6brtLoTykpRfidytp2n1mf6whReNJ539v1zymyeiXm
2023-02-01 07:18:15.145674888+00:00,0.888,ok,QmUqQCP8paPyvydxnHkwDL4JbYNzkC5s34qYPGUpfLJQSw
2023-02-01 07:28:14.015794638+00:00,0.814,ok,QmVEozFPRxP57kFvJh2qPSbxUHxZBLRtbSkYJn1wQcAsjE
2023-02-01 07:38:09.897920378+00:00,0.430,ok,QmbyGogxFvGCZ7bK5pwnMXb1fucP7imFNwoqaHxdD4o51g
2023-02-01 07:48:13.631219179+00:00,0.162,ok,QmbyksWA2RSAedQBXLDLJib2fNoU18kJjeehSH3AWqbkox
2023-02-01 07:58:14.328634198+00:00,0.574,ok,QmPhKoF4391fT7kiuu6nqSuHCn2VtQ2ANBUoG1scWvqqTw
2023-02-01 08:08:13.900757765+00:00,0.634,ok,QmcYvNn9nufbfZ8fhmBcBPtB5dJM5RMsD7vtTZv3NxKNbL
2023-02-01 08:18:09.839229669+00:00,0.172,ok,QmPMj7RA5amrcwXxNG93ThkjhPpJYjhKEL79kCpynxjay7
2023-02-01 08:28:14.057110369+00:00,0.548,ok,QmbL6P549zJ7tV5eFKKF8r1tKBXRo95YmPHxabZx7dU3SY
2023-02-01 08:38:14.450461392+00:00,0.502,ok,QmZD1kEYs6Aq12HLjHh3abVrDDWXrVWAnjcRhvzfmu6fwi
2023-02-01 08:48:10.816501607+00:00,0.507,ok,QmYJTUbgA4Fm8c5ZNAFYFZmBt7PfJbgXCWepEAAXxwjrDS
2023-02-01 08:58:13.731838282+00:00,0.348,ok,Qme5cGCVVaZX2FK8XQZcvCfwdKeSjC1QExBrHYcNEMKr6x
2023-02-01 09:08:14.041115046+00:00,0.179,ok,QmXKbXM3k77rpmXkHKVFVpGL7DdMp2vxbARkmJAFGxnYxj
2023-02-01 09:18:13.326342844+00:00,0.141,ok,QmZodWX8n8MJrXabpJjo3BHk3YRLa4s6eyVjQPgQ2zxXsh
2023-02-01 09:28:14.193785919+00:00,0.504,ok,QmUQAKUVsoRapJYrhXYgiGQX1tY6VHL2LyM4VjZEFHPQnJ
2023-02-01 09:38:10.791564700+00:00,0.302,ok,QmPCs77UyAyjzKsRBKbPX2wQjHYf4KtWAU3ZKzKtmrK9zE
2023-02-01 09:48:10.517379239+00:00,0.168,ok,QmXdthLoUo76FNezpH3Ym7CVcfWKTrZz82WppogNFPQtVc
2023-02-01 09:58:15.144029789+00:00,0.833,ok,QmPcKwaa2JnZHdnZPnn1ZxkmWdT5kwVqvaTf2waimQeMjr
2023-02-01 10:08:13.623152998+00:00,0.417,ok,QmNZqENcqeye4wBYpdZYbeTM9E7mfcfbARa54pFBmrVuXd
2023-02-01 10:18:13.480652006+00:00,0.156,ok,QmbNMW8yCFEExryUU7tuhkyzuuwe73rSie7WoUT57ujWdC
2023-02-01 10:28:12.562359061+00:00,0.201,ok,QmbNMW8yCFEExryUU7tuhkyzuuwe73rSie7WoUT57ujWdC
2023-02-01 10:38:14.184107360+00:00,0.417,ok,QmbWHBns9peXEvX3vdqbGqipNG6zM3QgnYkAEUBySKPqb1
2023-02-01 10:48:10.355006117+00:00,0.390,ok,QmSf6FUV3MGkDrqm8b6CFQbeMmmKyNAHnGa28HXZYyDjNw
2023-02-01 10:58:10.651308538+00:00,0.276,ok,QmaEn6YpP2GPozanWzNFt5FTUKKAme5F17xziZcUoSM2AK
2023-02-01 11:08:14.786176641+00:00,0.771,ok,QmXw1SQg5U9gmohh9KX3fhByPSDi1mVntYF3N3C3ttvUYu
2023-02-01 11:18:14.334130616+00:00,0.607,ok,Qmd9gioewMyvpKTczDebJ68JyUhbemftC75w1PaRrEhuRT
2023-02-01 11:28:11.943030860+00:00,2.450,ok,QmeR2qaNukvQL9d91k9zuDe8e2Av6CrN3KfWLhut5pywgN
2023-02-01 11:38:14.196187775+00:00,0.240,ok,QmP4oxX7nHEQ6KPwTp35AhgcWh65noAczMamqZGWXsg955
2023-02-01 11:48:14.449784285+00:00,0.632,ok,QmZBHG4jkoq3htugUNSCnU1sG24DdzMDQiC5NBDgiQXkvz
2023-02-01 11:58:09.311566221+00:00,0.426,ok,QmRwmu3CNw4CYk1hMZfFVq6VitpGdqTbQXXSbdS6G1wxvr
2023-02-01 12:08:13.148453716+00:00,0.248,ok,QmYZn9PxSsTtjEHeLgweJ2Aoi5XuTHTq1CJfSQSA2MKkiY
2023-02-01 12:18:13.914052171+00:00,0.087,ok,QmQembCDYJZXr6uYtTUDgSkGp1ztKW98M6Rz3kdaubM1U7
2023-02-01 12:28:10.592805500+00:00,0.684,ok,QmXFXNsjGt9eSE5LFENxJLG37vLjWFbnBMgM9GZ6W9cFmb
2023-02-01 12:38:14.727347376+00:00,0.125,ok,QmSKfaxpdxrBaRoiWpoTf2x6y54mKmAbmUEGZxLdj6qW8a
2023-02-01 12:48:15.104766872+00:00,0.548,ok,Qmf4M8pxLF5Ed5QUtAt8aSnHcC6dGt6mV617phWDEwBCwT
2023-02-01 12:58:14.076554384+00:00,0.346,ok,QmZFA5E9mGgrBYjhHYWbzwdPFvk86PHpULwEJLEuKr35zv
2023-02-01 13:08:13.662119973+00:00,0.645,ok,QmUTrkt3R9Gr7oUwD9LTvvqp38NT8uLGdnpjmr9rbALmwJ
2023-02-01 13:18:10.665696004+00:00,0.435,ok,QmPxLRX2B7hfYoBVbpb5GLAjst89DbZemKHutPAEz8kbYD
2023-02-01 13:28:14.515809488+00:00,0.471,ok,QmbHGdKCuDssnYxwumAZVnvuXNTZroj7XPAdZxBFM75arW
2023-02-01 13:38:14.095731535+00:00,0.165,ok,QmQFzB9GxT7sQ2vMUFvi4xkeW6CkzdkJTeLF2aoJqwu42e
2023-02-01 13:48:14.851193772+00:00,0.277,ok,QmSFcvZ3m6Xj3LVzK8UYH6GU2PgaNBcmXSTvYCoLvGJoV7
2023-02-01 13:58:14.154617731+00:00,0.422,ok,QmSFcvZ3m6Xj3LVzK8UYH6GU2PgaNBcmXSTvYCoLvGJoV7
2023-02-01 14:08:14.444823858+00:00,0.513,ok,Qmejmids7v3zjcBK9aDL82xH8rd8F3SH137cGpUFt156zd
2023-02-01 14:18:14.273832444+00:00,0.554,ok,QmYHJGDzoha8SAHGvhakH2DtJbjhcV8aRqjwysozAGJUnm
2023-02-01 14:28:15.013058757+00:00,0.252,ok,QmTinKHqQQaAAGxVcyp3d3KRCEw4iKjSthNNgVYHySQKXK
2023-02-01 14:38:14.159167371+00:00,0.603,ok,QmdyjdVZ7S9BrLbp8KJRWB38yb5vSxfi7JDnQYPSLKrLiF
2023-02-01 14:48:14.572292270+00:00,0.337,ok,QmQFQoYx79vbE1Y96G1RdMW5NVgfvcFotbUS9CEUDYuiwr
2023-02-01 14:58:14.099499267+00:00,0.626,ok,QmRwMM6b6DjNZjB4Ktouq5TYtRxMBvpJkUZJ2oVNAcm7kG
2023-02-01 15:08:14.355761322+00:00,0.805,ok,QmNs2746WF1VRDJe1TLRiAbT2Wwye7PixGefb3LngpATC1
2023-02-01 15:18:12.025348624+00:00,0.498,ok,QmTJ4BmoWXAJ7MDXx9AYrRLuW6kRr62D4LXr6gcK1zdvVi
2023-02-01 15:28:12.485103851+00:00,0.389,ok,QmNRYz5JAfQ16kCyHhRMC9sFk27ijGVprQsUQRnBm81BmQ
2023-02-01 15:38:15.127921778+00:00,0.751,ok,QmbbWeNPrKnzbtvsAufWQTfXvgi34hMDehQRqmxdhhgRrg
2023-02-01 15:48:14.618859811+00:00,0.626,ok,QmRuaTTJEwvqthv4JuFVhAtqy86FBm1rD3kci8mhjLauTn
2023-02-01 15:58:13.772355662+00:00,0.110,ok,QmZRL4Y94R2Feb5NUZkR3wcQPyLBV9Kc3iiCdq82Bf6MqU
2023-02-01 16:08:14.160118791+00:00,0.499,ok,QmU5pjrdxEDzGmmgWWqaLB5Z3XPviqJJDEQHdqbMse6DqJ
2023-02-01 16:18:14.775424290+00:00,0.483,ok,QmZBcbBsnNxczo2CwutGDNDKRAmXovQMcDnPPhZcnFf6Ws
2023-02-01 16:28:08.012352825+00:00,0.408,ok,QmXrEL1F8aieQyyedL5u5jcwxSvGDEgh6BXs11QWg4KVmF
2023-02-01 16:38:10.311794180+00:00,0.571,ok,QmSr2p453pNZC52Nu1YGEihwSJjRTB1Gj7Bt8GbcfSzkyJ
2023-02-01 16:48:12.577762647+00:00,1.023,ok,QmY92uwDQqQAixU8wvUafqb64g6WnDvt6yUBnrmRHE7GSx
2023-02-01 16:58:14.083111549+00:00,0.277,ok,QmXgAK1JSYWErMxqceEMc6AbhBBFKwzostukLFCa1spfQN
2023-02-01 17:08:14.347975328+00:00,0.506,ok,Qme174nXz7ohrCd8V9dwNFEtHtCuPBtVcY8PjNFTrNKEBi
2023-02-01 17:18:15.073120006+00:00,0.269,ok,QmcXxbzYfX4JRreJ4nXAsB55BLo6oNuNuJyHnoLZtsxQAz
2023-02-01 17:28:10.190318108+00:00,0.611,ok,QmURVXJmLna7rqkHcjuda2Haa2PUgdScujdCbuZwqCkRnB
2023-02-01 17:38:13.738095400+00:00,0.138,ok,QmaWEQVxFZ6CLmPsm5FBtzt4iyqE3uHkjYqEpNupJf6LpR
2023-02-01 17:48:14.254863882+00:00,0.149,ok,QmVwurtNnj6scEK8kFT11KbtgGL9cCQzF2EzRPom6mv9oJ
2023-02-01 17:58:14.164706138+00:00,0.377,ok,QmUPALC1oJcciE1PLg37vnZkZWtv9UtGjyPKqQzVvkasvs
2023-02-01 18:08:14.547114274+00:00,0.609,ok,QmNvaGcpekJz1ctKAFMCgka9GsYcqnPZwt5dMs4M1ax1hh
2023-02-01 18:18:14.979710050+00:00,0.901,ok,QmVmHxqUWhCgTCbza4Tm5VTMdsMtgQWgZhDivWz2v8RnEB
2023-02-01 18:28:13.867405635+00:00,0.200,ok,QmNUH2D1kdzhyTp5ARPUkzBgCa9mokT6Byoezzvvrryra6
2023-02-01 18:38:14.389641985+00:00,0.563,ok,QmZXsVhFhm86QgLwEqgfRD9ANTnmj37w9XAWBdBnt36gqE
2023-02-01 18:48:14.325641673+00:00,0.572,ok,QmSq3r2EV4rVmifHoyVZCNhpGDAUmXLPbwc8HrwH1RR72e
2023-02-01 18:58:14.442026126+00:00,0.163,ok,QmWvLgxT8wDoD4CCAWCXKVwehrp8S7K73VBp8bCQA4tjwX
2023-02-01 19:08:13.594503130+00:00,0.278,ok,QmdqGm885qczvLp9XMpFkPpw22z6yQ35eGbsyAN8M5sJiw
2023-02-01 19:18:10.279007687+00:00,0.636,ok,QmY2CwmcQss959xR9AWYq5VrxChsJ5fGw2qiUK4R8VMcGM
2023-02-01 19:28:13.790434740+00:00,0.479,ok,QmeczCDrhntek6jLhonyYoMEqSoY19RqmTAc4rQJyuhrTQ
2023-02-01 19:38:14.319618315+00:00,0.909,ok,QmbdM2rQByurH33Sa5ntLbjKbyYPXjautXTNi2iVEBEfgi
2023-02-01 19:48:14.967739279+00:00,1.095,ok,QmVz4wWGjs1efqqt82uLwSKFmEK7i7uJAgCb9kHBfD1a4M
2023-02-01 19:58:14.554122916+00:00,0.580,ok,QmWLNqacgfNSDjCNQ8hGzY3wrKsJnnhsAy5pcsprnHhohj
2023-02-01 20:08:13.945980752+00:00,0.699,ok,QmX5SohbspWHgp5ypME83DhxF2mriHvX9s6tCj2KSH7A3B
2023-02-01 20:18:14.627807905+00:00,0.726,ok,QmRh1wz888B3rEW5C67oDMNMSVp4ZExPxNHHUt1CRcT1D7
2023-02-01 20:28:12.090702976+00:00,0.523,ok,QmRWHLB2hhYAYoXnWmB1Phwm8dxRiX87NHkxYBLctEeeY8
2023-02-01 20:38:14.549357005+00:00,0.339,ok,QmSz6frhoxyRnQuUePT2nqKGGsT1qRp6FDabRKLcENfmDJ
2023-02-01 20:48:14.596485404+00:00,0.226,ok,QmcVdqUmhhNNu9W8827ynmsZKRXBPyHqEL6pesZkUvDdoD
2023-02-01 20:58:14.142541090+00:00,0.363,ok,QmPNxhnUxw9PpuddxtmbeixiGrd7DMWo5UiF5URyEpahzm
2023-02-01 21:08:11.051132797+00:00,0.248,ok,QmTik5CmjHJiRGdmw7fBc9debnWcrE24wTr239BobyTQmq
2023-02-01 21:18:14.435806455+00:00,0.292,ok,QmTCEMmPA7h1g9zh7SHXhD9pSSeUt91AMp3TN5Wsss3bvB
2023-02-01 21:28:13.429927899+00:00,0.130,ok,QmXzUXd9PWFWFmRaUwqa9isjDDSK88k1KdYLUzaSGanQGL
2023-02-01 21:38:14.823549031+00:00,1.135,ok,QmeC5LYkfVCNRhVE1GWKxvNR6hVH5pzdbgBdE3KRMqQSV5
2023-02-01 21:48:14.435215769+00:00,0.216,ok,QmXgHk2d1oXnmuCDgybUC4Bupns66TETTwbZe55xk66vZx
2023-02-01 21:58:14.092441348+00:00,0.585,ok,QmWPqdauVdLkAKCvQzeXMQGWNFYBspDqLz2vg9kZ1M7GHt
2023-02-01 22:08:10.008551037+00:00,0.232,ok,QmYmfJvpCYiXMpvr3AouYYHXBbYu7rdLAqkgphxCXJTex6
2023-02-01 22:18:12.650475625+00:00,0.566,ok,QmdFvytDE9Daw3QgbzDjDeQthgQMLW5PiGXWEah79pWvUv
2023-02-01 22:28:11.524377528+00:00,0.841,ok,QmRyt3YnTvgFwwa2r2vPCY4FTUTJRPMDptHegQgESS51G8
2023-02-01 22:38:15.221388143+00:00,0.667,ok,QmNzmq6JYLtYbCr9XBZhHEDP2yF9p1kcKVz3NZmyX5rKJG
2023-02-01 22:48:12.178151483+00:00,0.663,ok,QmVqAtmbLV39um1q6JJDwmS6wU2PdiGHpebqW281qXDz1g
2023-02-01 22:58:09.052062392+00:00,0.236,ok,QmV3jXxZVzyFyjNNjM8bjBdxq821UryNHykFU4iVpr8GT1
2023-02-01 23:08:14.478076772+00:00,0.547,ok,QmatPtATn9iPbGYUK6tHgqkDtZaRCCNtHvGkSEWRnJaseu
2023-02-01 23:18:14.187020615+00:00,0.243,ok,QmdeGZMNuGDadFhgXHxJmPUZGzQKVuRBRfAZNtQaZrs2U4
2023-02-01 23:28:14.007568612+00:00,0.218,ok,QmQ5ozyS2gAj6CqEnwcLNzUQrjx5XYVgJY2pvpzP8vN5f5
2023-02-01 23:38:10.557297577+00:00,0.249,ok,QmPqJJDLW8TLuSv3ie3Lm887G76XyqW8MV6mX7AWUswuMd
2023-02-01 23:48:14.369579331+00:00,0.800,ok,QmPNS2ph6foqumNL9o25vDcXuRWwy4buhf8vidh2BkX46m
2023-02-01 23:58:10.521580341+00:00,0.527,ok,QmZeY16LccXuZPyJtcpRh5KVXmDdwZNQEsVsaYzU1PUExc
2023-02-02 00:08:11.740743327+00:00,0.679,ok,QmaD4PuwehHiB3x5cZDR4nV8JhFoD63rBkR8Ko7e4x98KV
2023-02-02 00:18:06.892146119+00:00,0.421,ok,QmbBwWjw8YbJYQ2URoBw8q31ZhvpgaN8X6eEViZi1jPK5p
2023-02-02 00:28:06.064762020+00:00,0.621,ok,QmXbMdDQYkPYEFyaMfwoW1D2VYiiwdCGq122Yk2D5AG4TR
2023-02-02 00:38:13.625033448+00:00,0.307,ok,QmUzU5HJoXGHF3yPYscKgDBDhNMX9SAWy6ZLuWz8onL5qx
2023-02-02 00:48:15.772589830+00:00,1.125,ok,QmYRSpxaAKZpG19FnTw6KryLrjzhxvmEjsR65jjvsv7GF7
2023-02-02 00:58:14.210586261+00:00,0.906,ok,QmX9meZN1aPpxGBCyCTgFkBPqYjcA5fVCLk65fbzQomSf9
2023-02-02 01:08:14.571802679+00:00,0.846,ok,QmdJy9hAjTwR1G4gBKWArQyokdgmT6hKn2wPx9bFSYkbiR
2023-02-02 01:18:06.866920226+00:00,0.837,ok,QmSrvp4udaWZsoDmE5NMhp1kTfbhs7gnh68CycaskNPVBR
2023-02-02 01:28:14.367920383+00:00,0.742,ok,QmNg3p1KpBRgiHGL88FNG3haK2T7tFqexXJvWhQ2qjF8wX
2023-02-02 01:38:13.650816821+00:00,0.139,ok,QmeUKdUqEgFEPfZZ5MsELKckgpcxMWbexsFCttCYaDbd89
2023-02-02 01:48:14.526081003+00:00,0.356,ok,QmPB5PxYGCuEkZcb22j4mRGn7jWYE6HtFXbSAhajcHvAFo
2023-02-02 01:58:14.594795435+00:00,0.945,ok,QmTvjVZmdt18DqfJrgLjsvMdhgLrEbN398WdctBJeSCi1r
2023-02-02 02:08:14.781162604+00:00,1.079,ok,QmXu5rKYtMydAmXDNoDJkdYRXbTUo2m4N7PpXmKxF9HG6E
2023-02-02 02:18:14.333638366+00:00,0.325,ok,Qmdp1wZj5XDwqQoCHAJzGmZobH6mihGX6fJaa8e5ZKTjRz
2023-02-02 02:28:13.913936382+00:00,0.222,ok,QmWF8dCFSYMqsrAFFYs6GLbidC1vNXNqSoXc2remrFeYWt
2023-02-02 02:38:15.007450229+00:00,0.759,ok,QmeUaSkze3mo3BKSUQgMUNQvJg27AcmmCGSzPVYzDK6HMD
2023-02-02 02:48:15.468993808+00:00,1.283,ok,QmWzrpRWo33ZagfgWt8U11kU4WAbrj2kPfnzU9y8oKxgik
2023-02-02 02:58:10.091010774+00:00,0.909,ok,QmYsHNsvsWrsmUcLi872pfdu8iReT3yxwvWnM7kjuF4vDf
2023-02-02 03:08:10.503984428+00:00,0.296,ok,QmYsHNsvsWrsmUcLi872pfdu8iReT3yxwvWnM7kjuF4vDf
2023-02-02 03:18:15.099588559+00:00,1.051,ok,QmNUzJo4HGe7uT2zeAzuv5KQQgPqBQ7nmCvMgrBhWugPRk
2023-02-02 03:28:14.812426817+00:00,0.786,ok,QmYZCaKpzSoAmVAyYpnX5Twb9XmGewSM8niekzuMc2n5fE
2023-02-02 03:38:10.734181601+00:00,1.002,ok,QmNVgPg43pqcStHiNfPGvzqRcUmgvRw9ezpNNZ1RPBrb6v
2023-02-02 03:48:14.989729457+00:00,0.644,ok,QmPnWbrWG32b4PyaGdqcfwBb6LM1D9LAqPc9A8nD8GHWo3
2023-02-02 03:58:15.146624188+00:00,0.513,ok,QmWTPHzDEeAWv2Z6tZnkc8ZBZmkb12jr6T465eBspCD8oZ
2023-02-02 04:08:14.178644947+00:00,0.682,ok,Qmcc6hp7tMZCLN14JzSn6w2Ldx6Hxnb6ACiBRNRtmbpt4y
2023-02-02 04:18:14.307184814+00:00,0.755,ok,QmbrsccxA148sJPTKcTjENLKnnyeRDvboz1hdfvzvK1qmk
2023-02-02 04:28:14.010956135+00:00,0.342,ok,QmSYwNkce9E28SQmQ41LMQNQGFGT1aHdkm8faddJYLNGKp
2023-02-02 04:38:14.186177742+00:00,0.536,ok,QmbqqonA4k87V93cqqJ6Djmt59SZSDawxC9eR6Zxb3sn2t
2023-02-02 04:48:14.181915763+00:00,0.314,ok,QmT282nZxuC5DYquiM8tqyj6cveTEecUdET4qabaNJFUBW
2023-02-02 04:58:15.778648535+00:00,0.813,ok,QmZvDdWx8oEYwHGSV15Wo413CfducZ13RqfGPEd5kJZRL5
2023-02-02 05:08:14.156658044+00:00,0.467,ok,QmTjP2xeyYwXCP5GupxgDktpmCGd4Tr3UTXFqKcQHKLxzb
2023-02-02 05:18:10.912084903+00:00,0.160,ok,QmfUNRTqzwinkas85HECdhrzjzviCcXH6vypW9BJHxDA5R
2023-02-02 05:28:13.766573739+00:00,0.317,ok,QmQd8xQnqwg78NwPR5K4p9MC3YgFzqgVdHMMg14J2ba9oh
2023-02-02 05:38:13.987481127+00:00,0.343,ok,QmNj5xZNCCF7M9g1yaQp4BL8463Tuaya9WVhBWkNsebpfy
2023-02-02 05:48:14.735488349+00:00,0.481,ok,QmYpmi8mitQcghCaQ8b8QYoWH9FWNvmAoDKX5F8TqcwVEG
2023-02-02 05:58:14.570579494+00:00,0.256,ok,QmcbLkJ6X1RbhyRBz66QJu6JpUEp38iTT6jB2qv9umLTvG
2023-02-02 06:08:13.572544310+00:00,0.203,ok,QmR6cGUWpgbvgMpowQSaNfH1aft3ZKYYmghAEUx9G6vQFe
2023-02-02 06:18:10.473260401+00:00,0.825,ok,QmPGfELMs4YPHufhxWupRezy4CrWRiaxSYQPbKRuZWocER
2023-02-02 06:28:06.877276240+00:00,0.227,ok,QmWrWd37fVP32DtrCh3ubdsQAQs7xj5sknCVo1AZkhdqx4
2023-02-02 06:38:14.307042143+00:00,0.602,ok,QmTE9DYtrhcoVEsTvM9XaAtVpiiRpmBh8UaauKM9UTYiBZ
2023-02-02 06:48:09.457262605+00:00,0.659,ok,QmPKEwqWarzskoAeoLJA1zzXnh4t92QvyueGLX6acCm7wU
2023-02-02 06:58:14.880604841+00:00,0.368,ok,QmeeKuJ5GePzczLqtGHFAsS2nNHUXTbsVLNydxYhV3vy24
2023-02-02 07:08:14.772783745+00:00,0.841,ok,QmbmYeWk525FbsXV96yjSoyoGJWgy9Bk987sG7nx7X9TQs
2023-02-02 07:18:13.380179561+00:00,0.265,ok,QmZbRcMp7LPQuNTdhucvJSV7bxFccZnL55sr5tSaWyzWHL
2023-02-02 07:28:10.449921611+00:00,0.127,ok,Qme2Paa4Zx7BcPTLUnjSNx5hJbvD4CgggSxkcrLvN9B1Hq
2023-02-02 07:38:13.905191006+00:00,0.187,ok,QmRaseYMrvxHko6xm6JwJQQ1rTvUNuQfgiQKZaY1Y5KxEZ
2023-02-02 07:48:14.920118519+00:00,0.932,ok,QmXWY5fZdKHGfQgvkurfSKQmXjyJVYkwe3eqw9SiEPdKym
2023-02-02 07:58:14.253763194+00:00,0.248,ok,QmfU2udJcWHAkpMnREeuQ2oX7aTiKS6FZ1H8ZeXTLycczi
2023-02-02 08:08:14.721994326+00:00,0.491,ok,QmcJyWo2khG9FSYyibB9rPSEi85SHTD4em6WiatQJDse99
2023-02-02 08:18:07.698884458+00:00,0.510,ok,Qma2sujaYzeiWh9arbig7ZPLbPgaGDonpoopey55X6DNNE
2023-02-02 08:28:13.896939514+00:00,0.469,ok,QmawidnfAWxv6Xr3SkSjze7CUYA4Xi6x5ytJR75kqyt2yt
2023-02-02 08:38:11.268325574+00:00,0.872,ok,QmPrgUaHtVXvKJDXpPqHc8Pasv3r4wgY3KYJChCK7wt4bx
2023-02-02 08:48:14.007509188+00:00,0.402,ok,QmPrgUaHtVXvKJDXpPqHc8Pasv3r4wgY3KYJChCK7wt4bx
2023-02-02 08:58:15.428096687+00:00,0.845,ok,QmRydKqmhWFnVq32o3s6W3x2km2Df5Lqj4TzquQmTQLB8M
2023-02-02 09:08:13.644794022+00:00,0.320,ok,QmVr82ZgLhEUWFudFGMdvBc5iEAKcN7KafXpts5B5boNTP
2023-02-02 09:18:14.698731238+00:00,0.273,ok,QmRgvHX4GnksuhCJ5VqXx4hpQHL6i8rxGNz8qav7DrwsGZ
2023-02-02 09:28:15.086266733+00:00,0.662,ok,QmQLypq1vv4spnxvgKnJDKxrQD9YUTWcxQymr7deHK9KtM
2023-02-02 09:38:15.008547349+00:00,0.249,ok,QmdtWQXeqFpYvWNc5fhcstyezD7CHst6kE4nsaaqiA9vBe
2023-02-02 09:48:10.955613261+00:00,0.663,ok,QmXh7jHU9nsVMNTNuJUtLg7xcEnm3QaZeGio24Lvj3Ptpw
2023-02-02 09:58:14.141742850+00:00,0.286,ok,QmXMXK3kbfmpyV38ARTdSWFLRxp9MpoVDgdiEhUvtVo57W
2023-02-02 10:08:15.103120079+00:00,0.782,ok,QmWzv2EUGMzSQirN26b5Njj6GUUqcmy1Me1kETD9zMwcQd
2023-02-02 10:18:14.529058380+00:00,0.446,ok,QmbQgUtbUTixkRFUZXr7LRg8frZUURumNXzQLri3dqkded
2023-02-02 10:28:08.333215332+00:00,0.482,ok,QmWbrzmrpcDmXQ7TY5cLdTPyYu8dMCNTHdY8E1VK4eyUDJ
2023-02-02 10:38:15.042991752+00:00,0.146,ok,QmYypHkhJMjgcAY88V1myPESQgVdicXf6rGqNyykCFe8Fz
2023-02-02 10:48:09.342521552+00:00,0.740,ok,QmdnqoAKVqdNZAyL91P6zZbcmQYS9SodEaRZiFZV1APCJa
2023-02-02 10:58:14.933673355+00:00,0.385,ok,QmVn2cusRXGYNGsbWdKvhHKBnZDdtZvPRReA4FznPfZwFM
2023-02-02 11:08:14.102197854+00:00,0.532,ok,QmZQskrKtQe4joVLbAKwBCJuZDnq33h8wMnKYSg3ypd1dm
2023-02-02 11:18:14.996871873+00:00,0.967,ok,QmQXXfG9bGX3xqPpkZcbm6WHTG5LKhNepr8dHj9zH7xK2C
2023-02-02 11:28:07.312147055+00:00,0.289,ok,QmTwiHMHYv7o33feWybakeAYVg2ZE1RNicvGr3vmfgX2BG
2023-02-02 11:38:14.740687074+00:00,0.595,ok,QmPshbbNeu6SyXrFU8gkTvZZTg59RP2fnSDegXxFYSCbzP
2023-02-02 11:48:14.547966240+00:00,0.976,ok,QmPshbbNeu6SyXrFU8gkTvZZTg59RP2fnSDegXxFYSCbzP
2023-02-02 11:58:11.078607509+00:00,0.530,ok,QmfYTzarEk2ju7qt1A7TUmN1oFwJbHKeUFqMFmFvJZeAn1
2023-02-02 12:08:15.302854227+00:00,0.740,ok,QmVYYhoZSkHeszUyREDv8JxkPKDgPMGfepuiFXNLu6DWkH
2023-02-02 12:18:15.777738179+00:00,0.819,ok,QmWPjtCtQe2tQuhskBXN4iznacKFo7buXDS4TthVULAMg9
2023-02-02 12:28:14.125287732+00:00,0.362,ok,QmdgUX3k8hoAjAH2ePtuZJ7rdRePYVaR4Ni5V8rEmo5Sjb
2023-02-02 12:38:11.649838165+00:00,0.252,ok,QmS8ioQ8czChnoDR8mZuVhX12pLAhLMdj3KKvX57LR2Jcv
2023-02-02 12:48:08.148563598+00:00,0.159,ok,Qmc5M4sDrMgFtTZJcxgbwrsqEaqSpJszQythgdC7hwjKE6
2023-02-02 12:58:14.874552995+00:00,0.249,ok,QmZdx8VA5ttA68QLRHHkMFFCR6UyrwHV5Gfc7sGYcfpe12
2023-02-02 13:08:10.584135901+00:00,0.483,ok,QmbDwvik2bRJWuMMbFhGSwdjXiGko3LUwwSBL2dKB796n4
2023-02-02 13:18:14.656756942+00:00,0.283,ok,QmbgciVLw5X2k6YjcU3rTfusYABdzoCnCivB9GA5DXVnKv
2023-02-02 13:28:15.171036529+00:00,0.178,ok,QmUTkwNZG1wLVv7XcmrTtkd8gJjfe27eVZNVqhbBD2u2vu
2023-02-02 13:38:14.114403232+00:00,0.675,ok,QmfHyuh79sT8PRbDx91KJGhBiYX3xF6k1oY4c5vpj525yH
2023-02-02 13:48:13.720230420+00:00,0.212,ok,QmauKcqcTtedrwFqJzkEYA7pBRuvwkWtzJdo4nujaG3GVA
2023-02-02 13:58:10.693200367+00:00,0.182,ok,QmYyztsS5jCEbifRVQqKtnuSkm9rLUCN1TvmNY6QZNYJ7o
2023-02-02 14:08:10.533368674+00:00,0.720,ok,QmYU2DKhYNsWKz6dHECoB7N7BrWshDQDqGKVgbjw1VVKb1
2023-02-02 14:18:14.379940968+00:00,0.263,ok,Qmb6DEdMf2HzS91SzJ6uxioP4xPpy3DTLvg2ZB494uphor
2023-02-02 14:28:14.909544409+00:00,0.527,ok,QmbkwLRMS7DTgQUt7pP4c4n1y7Me7AHYJq7nz9785R2hrT
2023-02-02 14:38:15.134971973+00:00,0.695,ok,QmU1kPZA9o3bcjEK1yd74gDcRLCKAFmLbBdu9GBGaHC743
