2023-02-02 17:15:02.380075292+00:00,0.231,ok,Qmdy2eeTpYx4Z9bfFpyNB1Zu6DiWnYRVgt4nGB13BcEd8u
2023-02-02 17:25:02.450634903+00:00,0.213,ok,QmQSvQiKTA7qWuVkaaFE52qWX1Cvnj1bMpBHS5vQQB7cp3
2023-02-02 17:35:02.883250633+00:00,0.565,ok,QmZX1zoNZigmX9nBdvWxukQsoYTuTsET5ufU9Exgx2ikdp
2023-02-02 17:45:02.368090986+00:00,0.497,ok,QmcCrVS1ViTzGu5DQ4hF8g16LHq5JdgMyzBNSYCmRk6a9z
2023-02-02 17:55:02.327468048+00:00,0.255,ok,QmYmyQTi7nwFgcnp5cQ5pzMJcvA8CaRjwsRHXANWte81td
2023-02-02 18:05:02.645960268+00:00,0.296,ok,Qme5NXRGXbKpHfQqBHRp6LknpdtBK89QN7dST68XWJpmKh
2023-02-02 18:15:02.578318812+00:00,0.228,ok,QmNqwFLQSzgXny5SRtecbtGe5vyRn3AMoGYZ4uoVX4SM2E
2023-02-02 18:25:02.082057249+00:00,0.347,ok,QmaHGouYm4zSut66KywEvDxLeC9KwCtEKDmz7vpzhUJsHz
2023-02-02 18:35:02.283444592+00:00,0.188,ok,QmfSk2F5vwk7g6V5NXDxBMYVCuEcZ1EmhLCXoedMKz1KYd
2023-02-02 18:45:02.934121203+00:00,0.324,ok,QmegGQbiTaJeitQT8iNvmTvF5Ef1NsV4YAo73nMXVeWoon
2023-02-02 18:55:02.759672969+00:00,0.270,ok,QmUTo91Y68rsDkPMzcgDo79PoMjjvRCRMBroymcAPmNrLf
2023-02-02 19:05:02.147943883+00:00,0.281,ok,QmXAQX9ityH5buuT2SySnE6kwvpEFRhqarWuxwjPfsrtXb
2023-02-02 19:15:01.905548337+00:00,0.346,ok,QmWNNWbtfCC8DDGLsKLwhZnN7TgnEkWpywRwaddqQpUmAg
2023-02-02 19:25:02.342079044+00:00,0.175,ok,QmaMkhUu2m1xcvsVcQSkBXCowpxmmnLTxqP6cQZxrqoiu9
2023-02-02 19:35:02.068770394+00:00,0.209,ok,QmXwPYPnU6APYkN6k2jRFKSbSfcaxCkx3f3r1m5LNV4bo3
2023-02-02 19:45:02.564030277+00:00,0.243,ok,QmNvDrDwNsftVGvjHXK7ZnnmDbv6qgm2Y5P2uyC7oKHEkC
2023-02-02 19:55:02.635355235+00:00,0.282,ok,QmR9EU8a6PdH5Pv7wtkF9wTV7ebBKptEjdwyaZJBDf9mXk
2023-02-02 20:05:02.130773908+00:00,0.388,ok,QmZT94JYmWrX2epVZhNqjWE6mwUwJuX23hqkdoFug1rYVm
2023-02-02 20:15:02.752175801+00:00,0.197,ok,QmambLY9XxjoUwEfjKS6712M9TqtZd32KngttivjYYyFvU
2023-02-02 20:25:02.635988673+00:00,0.373,ok,QmaUz1WkjNbBfEiu5DAxnjgTiMykrV1x5H7VNDMKoFgvJT
2023-02-02 20:35:02.524742127+00:00,0.190,ok,QmauKT8cXi6VBpAjZAQoFYJMAFGwgRo9R7wSHkMDvEmwx3
2023-02-02 20:45:02.392633104+00:00,0.192,ok,QmTRjHmTrYvy4BYCy9AmPBEoGBiDDvVG35ZEMqwkQx7Ugt
2023-02-02 20:55:02.459317631+00:00,0.707,ok,QmPDqhN4qeQ3v2wvFy89hzEYDxLZvmnNgKeRRZENx1y94V
2023-02-02 21:05:02.059042085+00:00,0.245,ok,QmX2shPA9vtkEyFsy2jeu3YpXanoRpqHhxUDdU9UDRcoq3
2023-02-02 21:15:02.939287089+00:00,0.352,ok,QmWqKseKdiqLQvGxFGm9ZTn3n7qwNtUQB82UQsbituX5Cb
2023-02-02 21:25:02.629896479+00:00,0.193,ok,QmUysZbnzHUnhgkWF3KPkCvvAgUgTnt8tfPBLs5SmKSAB3
2023-02-02 21:45:02.413899459+00:00,0.188,ok,QmP9VW3Vd6yPW3hE4LnQ6LD8bAS4AMmvz8AYDR3spf2KDP
2023-02-02 21:55:02.537933513+00:00,0.184,ok,QmT7F1CWxuZrRj4C8gVEFXrfbKXqJQrGsvQPBvkEH2YNDw
2023-02-02 22:05:02.516618873+00:00,0.211,ok,QmY8pBqkRE7fgYRPHKtXPAma5R23FvG4mFPv3fvXAgX9S2
2023-02-02 22:15:02.027069869+00:00,0.368,ok,QmNfTMshnbLE6LA9UaedifN44ASPq43r6ngZaqTPx6ozVo
2023-02-02 22:25:01.660154949+00:00,0.220,ok,QmSRK8EKJYJAftouWxEarzbHACfodcZ7d1CFY57JvAd7jA
2023-02-02 22:35:01.657701688+00:00,0.203,ok,QmdkzoznhTqPNmpgkgdxYS6onsBr3KkZ2Eu7F7iH28Kfv6
2023-02-02 22:45:02.323760421+00:00,0.272,ok,QmVyC1VKXhmCWHXt8wotxo5JD6e4v89GHWcSueUrPYoQ71
2023-02-02 22:55:02.849937236+00:00,0.307,ok,QmXvSDxwHhGQnYGrZ1TK3xcX21q98AJCr8QuUykp5Qk1Gt
2023-02-02 23:05:02.230215586+00:00,0.261,ok,QmeFkY8W9ccjirAgFQAwdXP9oDbkcGNihrckQef4i3z6Ft
2023-02-02 23:15:02.515423617+00:00,0.335,ok,QmTfHf4pzPAkLPf8EAweKyqBBpnwt524Hvg46NcQrH8ijb
2023-02-02 23:25:02.470303999+00:00,0.200,ok,QmZKQrvBiwfW9kMKk4jwaqbfW44tqJgfkbM9DEU1wCbqP4
2023-02-02 23:35:02.319789688+00:00,0.187,ok,QmQqevDkb4AZh7dYNjrgcQi45aQ7Jj6DPM75KtGBEYYxvn
2023-02-02 23:45:02.483413125+00:00,0.790,ok,QmPDrkQjVyahzEiU1UKEMiGydt5Vo1er5a1956AV97g7FB
2023-02-02 23:55:02.131032582+00:00,0.434,ok,Qmb24bG4cqsDJomc3AFUNoju4Ac3qihCFtqcExbZYzUy7y
2023-02-03 00:05:02.497275964+00:00,0.833,ok,QmQcCJHN363TreofSPGKFtSUPUN5zxaUCJftcd3ezBgVQr
2023-02-03 00:15:03.251076625+00:00,0.900,ok,QmScgpGMynTuhkwLAMXhqQqeJo3JT2Vt1rDWaA13pazrAD
2023-02-03 00:25:01.868954978+00:00,0.292,ok,QmZzTfNCMmG8evWkovHasa9hNwpqbr1p5xaa2p5c1Re6pU
2023-02-03 00:35:02.273424610+00:00,0.236,ok,Qma1BSPJ32keWca6rGhYYpg4GZJnFAmv74W6xnbVQiYKsK
2023-02-03 00:45:02.545773969+00:00,0.304,ok,QmRZSfdXT8fVMUiLcaCqGyTYp6iDe1UbRVmanEXYHi1NSk
2023-02-03 00:55:02.402219871+00:00,0.291,ok,QmUd1KCe2J2bh8VMyZr7A9HwV5EXhaZCFbQByzeUnH1HRs
2023-02-03 01:05:02.879255686+00:00,0.236,ok,QmYD8B7m6KrdLTgfYKbBgiZTtSqRAkYnNRKSA78kJ97tNJ
2023-02-03 01:15:03.199958187+00:00,0.716,ok,QmYVC95fxDTqVFP83RzuwEyhZEMsqLFwTFWxQBZRRxPbpv
2023-02-03 01:25:02.417929413+00:00,0.191,ok,QmZhAjTyWaE5gWvXd9MCnWaTrBHz8WahGGQTZ162b5evHy
2023-02-03 01:35:02.548910960+00:00,0.297,ok,QmXxcKV7qiQpNhWgDV2G3LbLgHAqVjpRX9bD2h9NuGrVnR
2023-02-03 01:45:02.208050676+00:00,0.251,ok,QmNpAKP88YbT3xGb97XzwCTDBfVBrdcpc4SvLN5tZuyv2s
2023-02-03 01:55:01.832900145+00:00,0.211,ok,QmeLEpQKLydx8vKCfph8332NmX95afHW6Y3xZWBbAAA4fk
2023-02-03 02:05:02.452342080+00:00,0.301,ok,QmdTRBxVUk3BigtnakQc2ZxQY4ehtXjfJV3nFNrwT1gp1Y
2023-02-03 02:15:02.494137780+00:00,0.265,ok,QmQRGfyjG4nEivwuUPQPJM7useEnbDFvioMicmPUtiWpcr
2023-02-03 02:25:02.858166068+00:00,0.254,ok,QmRfr5CRqpXvDSMPhc7eXFhEgTuG4QU1fACdLNL1QCy739
2023-02-03 02:35:02.801823982+00:00,0.183,ok,QmXQVD9pZjHsa6LKPtRwdsPm3qktEeHGAi2wuMiaM3df2d
2023-02-03 02:45:02.392453298+00:00,0.292,ok,QmNh2DhKCp5FW2LpgENU3JBN1kyqm6KvLpG7jRm5mGn5pW
2023-02-03 02:55:02.899345099+00:00,0.200,ok,QmcWN4n2X9CkwWuNvJrUFF9wvCJPDBw9MDMfhYFxVm2Zrm
2023-02-03 03:05:02.505937794+00:00,0.345,ok,QmdwrYiwXyXy9gdv1m3hHq6mwrE7CuJbYpuNokQi5t8e7v
2023-02-03 03:15:02.684051518+00:00,0.314,ok,QmQaXMyvNS35Y5m4gAApgszdVhieHyEFKdqnNe9c8ezKEL
2023-02-03 03:25:02.193951845+00:00,0.308,ok,QmQVCroCi4AbcyRzH6SYUGcpHaurjwdzeYBjcXmDYwrPvS
2023-02-03 03:35:02.466876595+00:00,0.252,ok,QmXEqG6vVPtgWoQc1p8JmEVryhVhxvoUVrrBbZuy8AubRZ
2023-02-03 03:45:01.625829645+00:00,0.190,ok,QmWJJxgvQRUFRxyNEsf9rD5pUykuNmogerAyS1Cm3M3r6x
2023-02-03 03:55:02.391709736+00:00,0.194,ok,QmUkxEJyMwv9GoZdnewo3PhpSre91whmKf3edzByjsCsGB
2023-02-03 04:05:02.132029827+00:00,0.226,ok,QmNnQ9wD4K8TreYxmFjG1j3NFYcW2bP9A5fqphuSFwfZBF
2023-02-03 04:15:02.110593739+00:00,0.310,ok,QmbYBWRTNcM6TvfEV21ei5KBQ5BFN2V1J1L5cFVw9y5dQm
2023-02-03 04:25:01.885139781+00:00,0.257,ok,QmaRiLcvWweVzcMW8NyBYHKBvW5MpR1z4RtrHBNJWPmaQH
2023-02-03 04:35:02.750912603+00:00,0.284,ok,QmRLeGkvb2yTweUAq21zptDjQGD9c9f1JqBJsRXMezC7q7
2023-02-03 04:45:02.453445618+00:00,0.351,ok,Qma9VasFD7REBYRUL1MqAK1ezqAT6xQek4dsG2SFVNSZug
2023-02-03 04:55:01.683193860+00:00,0.228,ok,QmYSHrqoQRzyW6kwwMzPKmHn5pkqjqJNVsYKzn2nqpbPV5
2023-02-03 05:05:03.568564626+00:00,1.025,ok,QmSB49Nv8uKnMbcPheVbpvSRPqdGTwXUCL6J23m5EK1so3
2023-02-03 05:15:02.163162191+00:00,0.359,ok,QmYH5KZi8e367SVwQwngyMikrtUXKnL6ir2pdJgCxJicdh
2023-02-03 05:25:03.035426970+00:00,0.774,ok,QmPsHaouWCShSoPtdRU76BChF2UzvkfLShv3pjDMbsMU9C
2023-02-03 05:45:03.063052797+00:00,0.834,ok,Qmb5MJB5awvwuNyyfPC2wWezcmfiB2gxKW6DxFNmsjsj9b
2023-02-03 05:55:02.394890232+00:00,0.300,ok,QmPDCgoiYvMekmBCacwnmsy4rApgchee2pDuD9UWTcsKjh
2023-02-03 06:05:03.369112893+00:00,0.758,ok,Qmdm7zg8RvSPM3aC7ExXcW6sG1K2xTbWwBBuf4C5UmSM2L
2023-02-03 06:15:02.175290106+00:00,0.314,ok,QmWjxZmXwPZCapR6SQrCTVEjxkAPy8LrUsJDZsUqQeEiKU
2023-02-03 06:25:03.052252321+00:00,0.295,ok,QmTN1V8YtfVvWdTTYzueSgT76nNrFpVGB5FtJ6DZbpMX55
2023-02-03 06:35:01.888105350+00:00,0.260,ok,QmSFjk6oKnuWurpsGACMgWttJN7Qwzuz2AvUJessHMCd69
2023-02-03 06:45:02.936100827+00:00,0.328,ok,QmVPw1zyTq8jbEAuh3AwycqKayWrggCTFHRku2fXrhQEge
2023-02-03 06:55:02.368920221+00:00,0.230,ok,QmS3z5qf3hfrzyoQhTBrdL7XZWCSv63FzeTvKNwXnydteU
2023-02-03 07:05:02.891540688+00:00,0.771,ok,QmRe9vJ7w1jk8CauiAUXUqV7scUFG8jBPRyscjd7BqmnNu
2023-02-03 07:15:02.224226901+00:00,0.529,ok,QmYq2PHthFFKM7YTZQ7r1MntwhAWDoqAK7Ym3Sn69J7eat
2023-02-03 07:25:02.195928864+00:00,0.304,ok,QmZYZNXcQsVvtzYspHgKYyGpUnupJu9YQDvcrLftSQmGMz
2023-02-03 07:35:02.894099261+00:00,0.796,ok,QmVNQCNc7VayGoku9pjVS4sPkzLe7ETVPkcDmGE3b3vY1A
2023-02-03 07:45:02.565022153+00:00,0.184,ok,QmQpVqGg2qMgf9nhGnfNG45Bw3Qst6yHFzmDhcA4ujvG3z
2023-02-03 07:55:01.945677273+00:00,0.289,ok,Qma7nJR2ya27hHjkqvyX8PuxMbiYKXa4yjxcEs8p3dzNbs
2023-02-03 08:05:03.115276260+00:00,0.870,ok,QmZeq6t8xrZJMyehzaqHjYPpD7U8XxN3fjaC2Vx2KUchmX
2023-02-03 08:15:02.544514216+00:00,0.214,ok,QmcyWTqrJN5Cv6vLGHsoyaH12uJXsHsnp3527ZXEJbnhjq
2023-02-03 08:25:02.534285918+00:00,0.222,ok,QmNw6RyH7Cw33wPkpRf4qiU4igr1cqZ9pDygN1Qjpep2hG
2023-02-03 08:35:02.873464959+00:00,0.284,ok,QmccqJ81xNyMwqeokNU5kXe3aHQsmjH3n9QLGfiyE7o3op
2023-02-03 08:45:02.489987501+00:00,0.292,ok,QmeJbKWvS8xc4FuuDGtxp3D2mYdWBdkT3PsrCD3oBNqwLu
2023-02-03 08:55:02.030911923+00:00,0.360,ok,Qma2H8mg7n8pFrnzr9hUKHf6mgukoieCufnaakuQ9cfQ61
2023-02-03 09:05:02.536783007+00:00,0.195,ok,QmZzwRa3N5FKhsZkWenxBJrAUsWamFMVHnBoDccj6ytRhA
2023-02-03 09:15:02.948565601+00:00,0.298,ok,QmXqq6J77hEGRwpnocsburUYSa5yYn1brzhkvYcfRmyyQf
2023-02-03 09:25:01.997856761+00:00,0.196,ok,QmaW1EqGgrypSZMC89gikcWQ1Nfs8vVrEF2TL8CzEHah3Q
2023-02-03 09:35:02.825284516+00:00,0.237,ok,QmQEM6T3LoiVA9ahomMGXsSLTpXR5zieho5idnycXZs76V
2023-02-03 09:45:02.851377127+00:00,0.286,ok,QmZnz5ZE7ETg5neqWvfRZ6DqY8dgaXbMFbrQvMi3EZhPLU
2023-02-03 09:55:02.046003835+00:00,0.192,ok,QmY8Q6ecfGfsxFbeCQmjGjB7NPmMmD2eFcijkPcyArdVMT
2023-02-03 10:05:02.717297573+00:00,0.281,ok,QmdP87nEVdA6aitob3daDxofJRuhKinjz4xhk93ETivy6C
2023-02-03 10:15:02.268184337+00:00,0.400,ok,QmdiCBtztBph6iGUXGazsXH5sVU1my7CriNZXdf2yvXjTi
2023-02-03 10:25:02.844424288+00:00,0.235,ok,QmXHfsZZyNTUmPam6pakqGXXeEEQ7np4asrW79PHNyDyyP
2023-02-03 10:35:02.495269845+00:00,0.270,ok,QmeiZvnjuftRGXmX1gLnqonFZrypkxR9LPCiojyXKkkZz4
2023-02-03 10:55:01.554039386+00:00,0.227,ok,QmV4DgedfCBjTi7nBzrWmx5tKR2SWyc34L979mgxfZ71Um
2023-02-03 11:05:02.353466760+00:00,0.224,ok,QmSmYNuyQzrmCXH9tEveTBo1vSLKrsP8cvUJKLT41T8igC
2023-02-03 11:15:02.653470547+00:00,0.334,ok,QmPFAp8wFzcmvrtZ3442n7oyYKfauaY6vEEGY86UKJh3QV
2023-02-03 11:25:02.487124779+00:00,0.419,ok,QmNuoPoPaHFtdwVoPsy2fqsh2gB8MmWCNscAJFGxSNVihB
2023-02-03 11:35:01.751735319+00:00,0.243,ok,QmWdJ3fWekUjcEErdonJUwS7ef6zUXZxVLjqqExFiYLAUa
2023-02-03 11:45:02.521941946+00:00,0.351,ok,QmemLJfy28NUoecjXxdLjTrNby2LHrdzt9Bwjaiwb4g6jz
2023-02-03 11:55:02.380738989+00:00,0.208,ok,QmYpqFihiX8pstviYhwAMLPY3bHrZvS5TBgo193jdHuWob
2023-02-03 12:05:02.514002804+00:00,0.232,ok,QmSb6HzbEZjJaQuKyvsGCTENmUpBJLr3d1UvTHgrAZKHod
2023-02-03 12:15:02.524888483+00:00,0.197,ok,QmenHRdzhqK1a2JLtnxewbkHwH594EGxK5DSWg9UrBvr7W
2023-02-03 12:25:02.481784423+00:00,0.188,ok,QmXxpvQrLWGWjXAbvjrmhwECue8SNkBJ2v8eJimDPnFCSA
2023-02-03 12:35:02.534326634+00:00,0.218,ok,QmX2QEHzwF5tXBa8nnaBdegT1hhWpayoBG6hq4dmvNPKFA
2023-02-03 12:45:02.470671328+00:00,0.234,ok,QmVC4PCj7R4J2DNnRiHCjpd6d7bSgWT8rs8zuqefWrqNQv
2023-02-03 12:55:02.521420611+00:00,0.319,ok,QmeAV1nU61HLHD5UQW2NbFtrTtyN2btvfAzCVJTVampZrk
2023-02-03 13:05:02.304183905+00:00,0.500,ok,QmQkyLENQ2HRV9ZcKS8aj5q4XZmmLctQbHKehXS7AbYWXW
2023-02-03 13:15:02.322442510+00:00,0.300,ok,QmP9FJ6wBw9uGSbUsvm2z2CibYCE6ZivfGAVBNV3BFq149
2023-02-03 13:25:02.356394009+00:00,0.461,ok,QmSWm7UyNboL5zPXKzSLeXmGUu1euZ9jnbf5DXm4ddMe65
2023-02-03 13:35:01.914683612+00:00,0.218,ok,QmYPRptdwAufEr16Gh4VS8xUa8PTxvwPKYxTyPKFSUtH1x
2023-02-03 13:45:02.552452988+00:00,0.195,ok,QmTc2b79qc5KKFrFYB5D3bpRgnZG2sAXay3MLQv6Z1qR5P
2023-02-03 13:55:02.648969926+00:00,0.343,ok,Qmdm3RqXsBqVMZoc4Z1o3ditMfCTHXgQzYPDWcZbRdGtSS
2023-02-03 14:05:02.718822569+00:00,0.252,ok,QmRGFdG2ubEDbzmUGucnBUNTDnxemr34Btiq31UUzeTiPe
2023-02-03 14:15:02.526473831+00:00,0.235,ok,Qma8SD7JVyF5bFrt3wYwVTNYa9Chv8ySDzBT6EJntTuvPb
2023-02-03 14:25:02.775211206+00:00,0.516,ok,Qmeb5NcASFbuesHapEWDSGgGYWJU5CHndpShdsEsH7fpUU
2023-02-03 14:35:02.474802625+00:00,0.259,ok,QmaegBXDPnadfagK1znLSUu9EjGUdfyrXZpjJQzmeCWLwf
2023-02-03 14:45:02.349408786+00:00,0.229,ok,Qmes8t4WcXkP3wNS3SXSz39M4wtqHczQk8pVhefsGBKCrL
2023-02-03 14:55:02.483163199+00:00,0.367,ok,QmSY1YrJyr1HyE9wg7d6YL2PWUSMLcYeXgXmSGvxWQq5oA
2023-02-03 15:05:02.138821962+00:00,0.347,ok,QmUP4WxQy1wcZC3BKDhskcSHsAZhaaP3RiMxEF97eaZmjQ
2023-02-03 15:15:02.286009110+00:00,0.399,ok,QmWc64kMNy2ERCudWSrADskRbXbqNJFTZSWtWpSRcUGq8A
2023-02-03 15:25:02.404692102+00:00,0.342,ok,Qmbv1g3RCtis5i3nC2RttCgCvNebeMuerB5pJK3Pp5y9LY
2023-02-03 15:35:02.642763155+00:00,0.245,ok,QmRG2tt61F7zqLJmKMDJiGjVYvEQVCAJ9SJwLLzYJyaNWC
2023-02-03 15:45:02.174739187+00:00,0.366,ok,QmScLEwVBkUn1njyTr2bwrpv2NQpgVESTVrSx4eXmj5nnf
2023-02-03 15:55:02.547620579+00:00,0.189,ok,QmdDwdyneud36GuPGdCga75rNog5u2zAoVcTEce5HiAiun
2023-02-03 16:05:02.165383655+00:00,0.235,ok,QmNnv48mzWkhSQg57EzmoWHQgc9TgJnvRHJwfTW8cr8hEQ
2023-02-03 16:15:02.395679299+00:00,0.292,ok,QmRRzdBtjvgxpg3ky4a2gfeMAmiPNp3udNhioDBBGFjzD5
2023-02-03 16:25:02.915969961+00:00,0.277,ok,QmZi95177sQGYoh8qUs9ch2tuPt4iWcntZbWQVKz2eG7M1
2023-02-03 16:35:02.352982291+00:00,0.477,ok,QmdUjsvpuPEqQbtqdJ9QXcnSKkPZaG3A8k23ag785gUPs5
2023-02-03 16:45:02.585667744+00:00,0.233,ok,QmWZ3z4vr6Lr5FQ8uygUVidvYczk3K1J4Ga6zBoxr6cSKT
2023-02-03 16:55:02.669818936+00:00,0.428,ok,Qmec54ajwtnK8ebped5qZmpGzt9PsTY9RBSaZAFVphGLpb
2023-02-03 17:05:02.384914283+00:00,0.342,ok,QmZt6yNdoeo5qK69RuC5gCc7tVtbrZRohpzmsCW9UqF1Bm
2023-02-03 17:15:02.447253046+00:00,0.340,ok,QmfWkoZ5PBwrk5WkXQGbNzuMQDkLMKkEAqjXfL2SmGH6W4
2023-02-03 17:25:02.228206246+00:00,0.195,ok,QmV1rZjmhF6e8m11hx7Guz19yzuBNFGHKGGoS9nWFsbDqR
2023-02-03 17:35:01.834899537+00:00,0.304,ok,QmUWktScRsPKSQm1GFFBE1m5JYao8BwYo3CVmYgfZUucJJ
2023-02-03 17:45:01.712275386+00:00,0.332,ok,QmdLqjo7XJuwCFD4Umb3BFhGNorcYzXgA9QFM4NxYKshUk
2023-02-03 17:55:01.764016985+00:00,0.239,ok,QmVYiDenwwVAfhFoiKTVU9YU8eXxcUo3qrfCHF1CkjaiQC
2023-02-03 18:05:02.587949343+00:00,0.274,ok,QmaJ5XE63bFCATQopckrwWQ26LHTnEhjX53dwJgJy6sm6R
2023-02-03 18:15:01.849757288+00:00,0.353,ok,QmRbBVVuKmkUXEp2VrDQuWKoTTt6TgwiTL5jTYqe9c8rVm
2023-02-03 18:25:02.335986553+00:00,0.411,ok,QmR8gp56YqMEGTNhFGnapptBS8vPqgKnBiPaYNi5JvpkH1
2023-02-03 18:35:02.370447484+00:00,0.321,ok,QmSDuMntVYhC8bBtDBNV1FXQsRKXw5pdNYtaPGctKbPb3X
2023-02-03 18:45:02.681657440+00:00,0.337,ok,QmXvRAcP8M1D3T2LkwpyLCU7DA9pMKyq8WSShrM9N27kRP
2023-02-03 18:55:02.421014660+00:00,0.363,ok,QmfB73BFQS6Aze4RgZHRJQKKdFanGkpooMbjF9qeKQfuPM
2023-02-03 19:05:02.579243369+00:00,0.248,ok,QmZUJ7wHfLZZqB8uYPdQixqJDBAWJ3C8RTZLXCTMzz5q4n
2023-02-03 19:15:02.943725836+00:00,0.353,ok,QmZxUrg4htZ5YykfeFauLrq7ihz3sK13tomi5Cs1RQZCov
2023-02-03 19:25:02.469715229+00:00,0.432,ok,QmXyBapzFkuxXRWevvkbLC5Mqfatvn3FfZFZGiwrCvLkev
2023-02-03 19:45:02.698155436+00:00,0.297,ok,QmRQNr5BvPc34kGiZ9jaha4WFvF3MiADjiFDGz1pRSeaCp
2023-02-03 19:55:02.755567958+00:00,0.285,ok,QmNuntutzkjiZzdeoXwhnY1gum5RQHVSJbmmfNPuZRebFo
2023-02-03 20:05:02.494918150+00:00,0.443,ok,QmYukcQesUmKMgqXaB7Karm5AFwY714edrU1H8e1tLtDny
2023-02-03 20:15:02.441995735+00:00,0.247,ok,QmemyBzWcmxwf9qtyCH4dDPBRzhTc5TeD6EpvMUJCquUa1
2023-02-03 20:25:02.612571306+00:00,0.194,ok,QmSKAFZcNj1K6RR5v6UUwZtpF4vwTh4hdU2xtjmj8vpHNV
2023-02-03 20:35:02.717980909+00:00,0.177,ok,Qmbnq6LBsnBKr2mnosVXbLLstJpLb8dH1HRxt9QufP1PRx
2023-02-03 20:45:02.706019944+00:00,0.189,ok,QmTeyCyrEixktnLB1kUs193EWmDLyih2f98mPSpPK9Sopf
2023-02-03 20:55:01.883201403+00:00,0.330,ok,QmUhiDqSghn73kEuaS7xJAE7AYmu7NRXP8x3Z53rB93QHJ
2023-02-03 21:05:02.450350732+00:00,0.314,ok,QmQA3irmtPuZNGfo4Yez66JNAhndYSfUoLbt3ZJ8NH2j1Z
2023-02-03 21:15:02.676269897+00:00,0.389,ok,QmUbRnouFFzYD8z9vuAZ8heoTc85gKBfisYcu2LHoSb9Hb
2023-02-03 21:25:02.464647574+00:00,0.316,ok,QmZwtyEGaJFowBUcP1xL9LMA5beGGDZSuq718u7kAPmfGP
2023-02-03 21:35:02.629452285+00:00,0.239,ok,QmfFSARFqk4MDHmcf4U1PyZ6CnVAgrEEzGvAB5ohczCaEU
2023-02-03 21:45:02.655167365+00:00,0.518,ok,QmQDzcu7P99QJ5pRoDpTD1jDGzGtuMMH3VogPyLMZ1K4t1
2023-02-03 21:55:02.249564698+00:00,0.270,ok,QmRZ8CuRPFtTKHG9r9SunncbbbZzMH4icegeiP56qzhMt3
2023-02-03 22:05:02.427859463+00:00,0.195,ok,QmSCEis16Y3nG56zCcq8nQdGcL9p4SwpizVDX1mYbicxec
2023-02-03 22:15:01.703568965+00:00,0.292,ok,QmYgzfJ2jxPihKx2LK2ZyCSdTAu6j5U6tFN1EJfAETs82g
2023-02-03 22:25:02.451078448+00:00,0.189,ok,QmSstAo41V2Vb8je2AGTD76okRwBdfu2Zag434x8Gbn6rv
2023-02-03 22:35:02.486851260+00:00,0.280,ok,Qmboxygb6Koeo58onBq6DtzmnAReDyu3XskHkwrFmDKdVw
2023-02-03 22:45:02.554834666+00:00,0.197,ok,QmXzDYsdQ2NFyMaVLTyToeAPgCJpR7dpXDaDwnx1WDgRTK
2023-02-03 22:55:02.691621516+00:00,0.342,ok,QmYaGQxLqQKS5q1yFHvBo1viZ59rviJJKvL3ikpbt5ZsRm
2023-02-03 23:05:01.659537429+00:00,0.196,ok,QmTYhj6uKcDw7oPGHNq435wj18Kpn1jyUvgi6zKjsjikQw
2023-02-03 23:15:02.872754629+00:00,0.202,ok,QmQkX6KorKhmjspHmVDsKuxLDssVDWUf8ji2YBuFUXdeZp
2023-02-03 23:25:02.116448375+00:00,0.267,ok,QmVAcN9UwgYMsVNSmBdSnmeZJ9QQ97ojTcRJ3RgZi5HhEs
2023-02-03 23:35:02.022622986+00:00,0.360,ok,QmZRcnovuwNwAX5dPta5J9MLqS4Qm7RBqDUhSXrtQ4X787
2023-02-03 23:45:02.716616866+00:00,0.408,ok,QmcYoSeU8Kvu336cdD8u7vv1eVCZMsKeHh26J4X1HFu99q
2023-02-03 23:55:02.927122782+00:00,0.250,ok,QmdsCnRCPKQpFLR2WEi5fPgX2EZ8FBuhMmHiHWSqV4XYxW
2023-02-04 00:05:02.970047524+00:00,0.297,ok,QmTAmLkm25uMeZfvUPkMP95CaQtzNtqcqavE2EP5s3Nqy7
2023-02-04 00:15:02.297740834+00:00,0.276,ok,QmPZymc45HVuw6QLqfvTiGhtkMPM5iQ3LXcVDswfNBBo1a
2023-02-04 00:25:02.711411196+00:00,0.399,ok,QmUYJaNeLUDKnTq53uU8ryfRTZPmpHbd1jXiE6yHB1BBpJ
2023-02-04 00:55:02.708204254+00:00,0.183,ok,QmdGfdaQp2nrSq3pdS5ULFutERk7YCfpd73gdGWQBxJ8ys
2023-02-04 01:05:02.490291029+00:00,0.231,ok,QmUgCY9qpqZDPdpAizPXoZWudmDziKBxnvuFGGbTy5r8ZP
2023-02-04 01:15:02.775412444+00:00,0.193,ok,QmTBbEy3vbfaB8Lwc576M716Z3oQp2F8Nax8CnGnMkzN3m
2023-02-04 01:25:02.516348519+00:00,0.219,ok,Qmc6jabg8YNUBB2T6Yr58CBsjG3q7jUudi2FGwxcwpnGDL
2023-02-04 01:35:02.651852713+00:00,0.281,ok,Qmb8GwsXhEUMo4gKZtx4oZ6AAq89aZsL96Q3wrBjsepWvg
2023-02-04 01:45:01.975227494+00:00,0.281,ok,QmSxjsfPFhtf8VjXt16nqBfsAfD5Gp2N1dLeJqdZT58oAK
2023-02-04 01:55:01.909750162+00:00,0.219,ok,QmXxYES1DF2XEHYov1S48TQQqxok1naik4eJqM4znUuU4J
2023-02-04 02:05:01.846064666+00:00,0.200,ok,QmbpXTBqyAJNJotXFV6XnLaH4ntY6a2AVi2DHBoLju8yYT
2023-02-04 02:15:01.759926358+00:00,0.194,ok,QmUKVgWksgu5RrdZ1dL4pVCqtJCEXXM3Prgm6fsD3F5KYn
2023-02-04 02:25:01.903324729+00:00,0.262,ok,QmbfG9C38EyiAZQx8mHB5WNfBqktU9Z3uJNkWdpB9FKJpM
2023-02-04 02:35:02.952789078+00:00,0.205,ok,QmQPQ5UEqRHoC7NxgjHT9jq1fX7sCRCoRexS74eHFDRxox
2023-02-04 02:45:01.948180319+00:00,0.259,ok,QmXPMRCY5Pax8G9mVTXtTC5qZFQAh3sW6aPk5im5HYWBZY
2023-02-04 02:55:02.666081430+00:00,0.210,ok,QmTkHpetXW6uFt4Fzab6bVbGmpQar1zVCz2GsrZ4nM8uXQ
2023-02-04 03:05:02.464737874+00:00,0.248,ok,QmZ3WVcETDav3qjMvdwxUgGyLmMpJKNxzyFAhMcVSSpVYL
2023-02-04 03:15:02.200042758+00:00,0.293,ok,QmcTJpDqakySiDq7Ysdeev87BZxdAq91MjnYT7QEFp8sMx
2023-02-04 03:25:02.044473582+00:00,0.188,ok,QmbrRrNEBinD67STLv5HMF5cfNiAEDLeGRLRnWhkXWHVWw
2023-02-04 03:35:02.685014674+00:00,0.311,ok,QmRzfd4juJBWgDZ7CvcDobymVVUmq1WpqCSTSabKye1XJU
2023-02-04 03:45:02.542640878+00:00,0.286,ok,QmTXvNRHKbdSGgiT9X7Rpu2H4K8D1dpU4pcmk6NtzFzGiU
2023-02-04 03:55:01.983941065+00:00,0.271,ok,QmaSWT9cjCUQuCEjLRi44M4exv7VJuDBpTUCk9xBKyBQf5
2023-02-04 04:05:02.648116476+00:00,0.197,ok,QmRFimpaxXGLX17jAAsu9qM957ZEaRKb1rNv9u2zynpoW2
2023-02-04 04:15:02.491238537+00:00,0.231,ok,QmaSFy9qPN1inn3iEQJg6W6Rf685Mj9t9aYne1J2vYUdub
2023-02-04 04:25:02.171418385+00:00,0.207,ok,QmcXHV2Hg4P8d1U7z1NUd65hfJYYPvJJZyx9jXpSng3Zmw
2023-02-04 04:35:01.541687272+00:00,0.210,ok,QmRChyT6L3nK6drPGiNLZPJ9H7iXRcFcfAZahyBdCaJqdD
2023-02-04 04:45:02.687106160+00:00,0.234,ok,QmcynzbB9Q7iSTefj4WHaxTKy4myKYa3Jp88ivwdCoxm5Q
2023-02-04 04:55:01.885142602+00:00,0.253,ok,QmUpsrNFxLsTMB2M3ySqXSKRBb9VzHFfg3iuCrs7p7f5ud
2023-02-04 05:05:02.404377198+00:00,0.223,ok,QmZEjgZtxnFSuM8LyGXkci3YYj5DNYcwUTYAdHRi2aGnim
2023-02-04 05:15:03.976155024+00:00,2.289,ok,QmWEgbyQv5uTXDZeDxYECm4ketmreqsU4B8sMGo33vxyVV
2023-02-04 05:25:02.770903841+00:00,0.310,ok,Qme3UdwYGnVcxba15zgnGtVZiMyj8Pvw3UH8FT8RqAKWSz
2023-02-04 05:35:02.527252343+00:00,0.780,ok,QmSmguGR7jYxJekPgEkjqe1YWNAEx2geyWfK4CSQ8y1zVJ
2023-02-04 05:45:02.273549601+00:00,0.264,ok,QmXhuHTdF3j7Xmry4fB156vvqrM31kGfFAp4RWQwZ3UM6m
2023-02-04 05:55:03.018692282+00:00,0.458,ok,Qmc4z9qyTRJx4J7FbGyrA7PAxUiM81s8JfX9vPtieXreaN
2023-02-04 06:15:04.250692630+00:00,1.840,ok,QmXny3VmXKDEvA7YGER3BbbMMoo6geTZYNaxxoPTeiiETZ
2023-02-04 06:25:02.429013947+00:00,0.300,ok,Qmd15tWK9TGYgVJbyyQn4F2EZcR9VNgNrY8oaCUAuMCw3v
2023-02-04 06:35:02.549204548+00:00,0.262,ok,QmbdDc8Zq96bVAHGBR5krKCqKm8DSWQ4x8V9SwRbVBs9ND
2023-02-04 06:45:03.091650596+00:00,0.395,ok,QmeqCBcEpuhiJ2cxmEirGFX19LCdLuptTJcBMXYgJnHHzx
2023-02-04 06:55:02.267904177+00:00,0.864,ok,QmXfdqGev8cbWpKxjxMMT1uZJY2BFhur6ixYUFqEPcF8Lh
2023-02-04 07:05:03.225634176+00:00,0.854,ok,QmbQY5MVWH7BvQ318Yp1X5mXFzphGPdSeMLaogEr4rzDjz
2023-02-04 07:15:02.771734205+00:00,0.411,ok,QmaiZmqTJjT4pF3wonYj8qht3FEeSqrXQH84R88ZdHxZd3
2023-02-04 07:25:02.595641152+00:00,0.194,ok,QmVb9MfZsyFPczYuvYSXAFaWSSCGG18zkU5VN4P31PHsS9
2023-02-04 07:35:02.559723942+00:00,0.949,ok,Qmek9pxYTbq766E23mubotsvhDV1254QuMPXTFFVmTNzC8
2023-02-04 07:45:02.574254540+00:00,0.173,ok,QmeX5vtMUV2o9zUkZW2ZLvM3fzYbjRMC5bNHqwnn8aWTUd
2023-02-04 07:55:02.580641288+00:00,0.170,ok,QmaQsN1x6KUGMmUtG7PP3XciKkQQJ8c3uxYoAXEkBZ7JPK
2023-02-04 08:05:02.505060673+00:00,0.247,ok,QmdZsLeDku16rpkSiie2qKhuK1NdYKukyt4R7YFpN6D3MF
2023-02-04 08:15:02.857155732+00:00,0.788,ok,QmeDnbgH7oovfYcJqf8XugdtDcA43m9GDbf6XSTsKBYwiD
2023-02-04 08:25:02.406432962+00:00,0.262,ok,Qmc5gL8vYy8FT25gCh8s9pMWWkHQRGZ6QLkncT18eXWLCP
2023-02-04 08:35:01.619434198+00:00,0.181,ok,Qmbji9jxcCT1Rm2jYp32h72UAFGc91TRJuHDvsv2RXa4jY
2023-02-04 08:45:02.379412319+00:00,0.502,ok,QmPror9ytuRU2E9YRazBtRahLK7NsycY44js2iZHy91Xvu
2023-02-04 08:55:02.363734558+00:00,0.774,ok,QmX58R7UD4cBGKyHhBL9GZTMETe8FnJ75cuYFWDCCiLYBP
2023-02-04 09:05:01.859534341+00:00,0.201,ok,QmfSSDmh2wXsQ8oP4hTruK9Zbi8UuQsseCAdQAbMeCggSJ
2023-02-04 09:15:03.356265425+00:00,0.855,ok,QmcGAeNADjEadNBFK9ZBuncEgsr3DzGYnPaHZdLq2CtvAq
2023-02-04 09:25:02.092930970+00:00,0.336,ok,QmWrQvN525fCh6TYVqsm4H5veVyrE6BaUREVWiWAakNsPL
2023-02-04 09:35:03.625712632+00:00,1.492,ok,QmZAKXtXi8uPjGfSThDmZ3CKdqgk6KA3iim3YGtPgoCvE8
2023-02-04 09:45:02.207874398+00:00,0.263,ok,QmdZMBZm5PRdacpc1e19bAMsBRkWXes6YR7a5pdutoBfDA
2023-02-04 09:55:02.406006918+00:00,0.380,ok,QmP2VSGSJehNKUj4NTpa6D2irigbkZV3kW8qEr27niT4QP
2023-02-04 10:05:02.444214720+00:00,0.187,ok,QmT5NS6tJ4etxscPaG3AbedxaRnDaf6q6RBSHHzKK4fPeX
2023-02-04 10:15:02.901379794+00:00,0.723,ok,QmQjSFZh9wGuimSfvE79j6RLAm2EzdtKtaBb2vb4qUHbiG
2023-02-04 10:25:02.827979011+00:00,0.291,ok,QmUKLyrKaJAHQwMjSXTjW95K72nwqMwJqykyC4gowxZKxQ
2023-02-04 10:35:02.732147854+00:00,0.284,ok,QmSfGjSrexhJGtFgdgZNLMupAV6FFY2DxeCnkaym4Hna6Q
2023-02-04 10:45:02.638465936+00:00,0.325,ok,QmRkoRtu89oF3VKZbMX1TTXpQ4PnSksFstiTURiGuZ486R
2023-02-04 10:55:02.610089107+00:00,0.213,ok,QmSw76KXivV3xC4Gt1iWvQg613Tn1MTpuinXyKus7zNaNW
2023-02-04 11:05:01.960098468+00:00,0.321,ok,QmTjFZNjVc4k7CY8MfpZ4sQxtrCuZLC8rTPsy4QC8tCsWW
2023-02-04 11:15:02.631347706+00:00,0.299,ok,QmUMN9oRNgzU6bycLB6f63b8SuZpkNcDUBSH4tw2dapobY
2023-02-04 11:25:02.783272397+00:00,0.258,ok,Qma5jj6D8BPwFb4P9p1dNi7LKcDTPk1EAxJuTzHHFfkQnm
2023-02-04 11:35:02.516312457+00:00,0.254,ok,QmPqtbucE1gRbjNZuAhGcPopxkS6Yg7nyuv37sJP7NcwbB
2023-02-04 11:45:02.599427653+00:00,0.269,ok,QmNzNFysKrL62bUiiBExg8Ro48p9benVedvipSGM2FjJth
2023-02-04 11:55:02.468186411+00:00,0.583,ok,QmbB8wVBwGb6VQ3V8Bukf3GfGTrXVuk7oeg5esDHcDfmEL
2023-02-04 12:05:02.795313193+00:00,0.483,ok,QmW4dgcthSpgJ6SfQj2ctYoJtK94nzBRXM5kVW1jsRM7HH
2023-02-04 12:15:02.568899062+00:00,0.369,ok,QmYJRyAbCKLkrVB6q8WQBmULEKo5twkg7gpbcdrRdrqWBJ
2023-02-04 12:25:02.230519575+00:00,0.176,ok,Qme5FgzUTSsH7frVrXttCNtMZoizd8pehmLZ8Nu4KgtFJi
2023-02-04 12:35:02.597052955+00:00,0.222,ok,QmQehycgS7eguTn3ShgNkhf3VG8jGgbfaur8Av47JRmQeC
2023-02-04 12:45:02.508561776+00:00,0.199,ok,QmeeWbpdZQXtLAqwZqpmHqM7ohZknbEn8wSSk7cLuS5rTG
2023-02-04 13:05:02.065521216+00:00,0.480,ok,QmbspFdmynzC7DirateW1gpi7TdXMtJiDK7cQzUYCuperm
2023-02-04 13:15:02.344201605+00:00,0.205,ok,QmdfFkjnaLTS3ejzXM3iw8jAb1CQQfZHdZVLUQ1fk2pyy9
2023-02-04 13:25:02.351632496+00:00,0.445,ok,QmWKwzK3LLS2wi2dTZxfmng7pSoGnm6kixmzoqH2q2pNdh
2023-02-04 13:35:02.532773184+00:00,0.235,ok,QmST3QxRua5w6jKha2iuFMNzGwk9nqUk2i4Y8AXVfN4bSn
2023-02-04 13:45:02.696917322+00:00,0.245,ok,QmZDeNnwRT9JDS7gebQno8oQJgnRskmabvCWeqPJu423mX
2023-02-04 13:55:02.200856527+00:00,0.251,ok,QmVKUCtkgjC9ENDfVdxUP7bf6V1MDPzb89YpZPB4PpWfNX
2023-02-04 14:05:02.663111028+00:00,0.267,ok,QmWLApFxSeK67mdqiWkzr6qMhLhWGZWts2rS3b9Lw6Um5x
2023-02-04 14:15:02.517183992+00:00,0.192,ok,QmUAEd2AFU4H9FTmg12iBb2oF6ibaNGSNiFWdWhFbBZFhK
2023-02-04 14:25:03.007072986+00:00,0.241,ok,QmaL23zGDk6FbHbzLhQFXKgWaorsyJXDHVSxBpZiCeecHe
2023-02-04 14:35:02.252144397+00:00,0.393,ok,QmW28JhFa9RCSNMVYchWeTW4UzVJhP23Ss7JfwjfgFKnQ7
2023-02-04 14:45:01.848107641+00:00,0.256,ok,QmXH7W1LJGbGkmmQeVNKW9B6SJn1yB8y5wGTFRajwSXWTG
2023-02-04 14:55:01.849612825+00:00,0.319,ok,QmST3EA78KDzbu2TjwbYYEiSTYPNXJk4ZterEiZLQ7oAGu
2023-02-04 15:05:02.201255236+00:00,0.386,ok,QmUrM5Cbn842XYvSSbZobKXPQemT9DoJD1oUvABzY2HmM9
2023-02-04 15:15:02.554752925+00:00,0.198,ok,QmaWVWEqocWqR9vwcFKb5MJGUZKVt1YzoM7p5Be7PZGqyd
2023-02-04 15:25:02.261721833+00:00,0.193,ok,Qmdbo7YA1H2HM4hj9Wc4wFiNrAehbr8AzQ7JVGsdKzo87N
2023-02-04 15:35:02.055430672+00:00,0.310,ok,QmemGA7vW7RBaAMJRzkoQuvhQpgoky59vgaynrLdkpzg9S
2023-02-04 15:45:02.607344926+00:00,0.259,ok,QmVPyzejZhJapV4MuPApXN2uLH26cLeMKF1KNRL5TxA3w4
2023-02-04 15:55:02.963518056+00:00,0.286,ok,QmVR8fDiCYtqHuJAmQReMc9RJwLZ11xWzG4oKDPscRNvFA
2023-02-04 16:05:02.573353214+00:00,0.241,ok,Qmd4j3yWtu44QiTRqd8TWPPkVQDRX6avT9HjG7vkK3q5yd
2023-02-04 16:15:02.770859124+00:00,0.214,ok,QmaBmBnki4FAFFdGaxjLTd2Y3E93c29YfaiG5tyz9LJTb6
2023-02-04 16:25:02.320338744+00:00,0.187,ok,QmYaJoMV4Vvt8njZ1k1JM6mfip8GMLAAF5SKZiyUQpVG9x
2023-02-04 16:35:02.411675312+00:00,0.174,ok,QmexsxdERtc9U4DvrzEPfjTTVspvQPz3SNJoZgd1j79Dq4
2023-02-04 16:45:02.352091005+00:00,0.202,ok,QmQrL8vwKedGMmxDRXJ2JjUX6CKP4RAiHBmkSH6LCW5vqL
2023-02-04 16:55:02.359402706+00:00,0.255,ok,QmbdwvxV1eM9siLQ64dT346Kvkr7McqQ2ukZGwuksAk2eN
2023-02-04 17:05:02.286049018+00:00,0.256,ok,QmbYtjhQ5JqiGe6SAsB5yah85ohuTSiXePakNVaEThoigQ
2023-02-04 17:15:03.258815597+00:00,0.252,ok,QmRH6jP6V3MsUfgVPJo6zK7wx4tPpjGDcwc3bqTSfTmWU7
2023-02-04 17:25:02.517327649+00:00,0.209,ok,QmNMLP3JL1guHsLwvgts4CLa23NMQhbhSKoKV7nXiQ7RvU
2023-02-04 17:35:02.635595767+00:00,0.250,ok,QmZ5wxVBkD1xtSGKcVir4mutY7ffMdvBjNBC2Ysj1Yd2cG
2023-02-04 17:45:02.174005249+00:00,0.358,ok,QmQRPsst94gywKM3cE9VruCzKtxJGoWnMDS4qe2LF3syMu
2023-02-04 17:55:02.697484677+00:00,0.265,ok,QmZLcmgxVa4nzUZgahgRxV5WpzF8tvqjJytvu5PQGhKNqs
2023-02-04 18:05:02.914461789+00:00,0.226,ok,QmetxD2Pv95mJym1VXC3y3SC1apiwdiuQgtFWGegrL66QP
2023-02-04 18:15:02.516287240+00:00,0.300,ok,QmQqCxFSVGoKSXWUruPcsLvuoTSipB2eb5XUknGTcNjat6
2023-02-04 18:25:02.673331769+00:00,0.231,ok,QmaHXYugJTa8Zj2vtdNseFkrZ8LxDZJ1jfQRMafi5zTxuV
2023-02-04 18:35:02.021007255+00:00,0.270,ok,QmNZLsb5MuSFmiYaNoY9u7HjdrDtp3vhVqrj63Z5thjDBA
2023-02-04 18:45:01.915735371+00:00,0.187,ok,QmdM2ykCwsmnxBBfYzpuYc1cya9bLYqgYfFL23QNJkLyHF
2023-02-04 18:55:03.104717551+00:00,0.267,ok,QmS2Jj3g8H2NLE7KjQJZQFNgE62t4oaZewr5cjXpUmx3Yr
2023-02-04 19:05:01.947402125+00:00,0.240,ok,QmSPiXhfxDDfDEYNWRgVNngswhYQwtJUH7J7wpTrwbi9CT
2023-02-04 19:15:02.150607348+00:00,0.386,ok,QmRy8ZhB1fuzYAi7xu8i1yeNvVysovRxL6g6NgWXg58MkW
2023-02-04 19:25:02.309823141+00:00,0.213,ok,QmQjBXxy1irWtE9j1rv7SzvAYY7XxsRymAgLyJKu4zvh6F
2023-02-04 19:45:02.575104685+00:00,0.272,ok,QmNNg3w8XFUG5nEHyaqcJ8hsLXAPNdoMoNc7cSqH4x8fNr
2023-02-04 19:55:02.411277321+00:00,0.191,ok,Qme6c7udqDLttUsC4aThJLozv5XWsymNaXNQzoiywDcnMz
2023-02-04 20:05:02.231936766+00:00,0.326,ok,QmVLVC4nFrSHj4jNy8tsb9kNi8x1PFCeVTmuukMiBMTneB
2023-02-04 20:15:03.011605671+00:00,0.318,ok,QmVwKVZnXEi86gawjBGYHNoAFRHWRswT9iaf767hDToHyD
2023-02-04 20:25:02.503621880+00:00,0.247,ok,QmV5MsxHrPUA3cRJuREh7QyUi2itHFDq4VUCPChpaFuFNG
2023-02-04 20:35:02.565868787+00:00,0.293,ok,QmTJzGfsuduk3uk5NMoN8ebp1hEVjDvFYRAMvZC4UvS3xG
2023-02-04 20:45:02.763719125+00:00,0.260,ok,Qmb1dm8mmhn9ksVFM1dZAqrSwQn7gCauynpWiD2ckJqAGt
2023-02-04 20:55:02.722596227+00:00,0.304,ok,QmVi4SRYsDAFMnRug3owAp32RqRK6FJ7LDFwUDogAR3RhC
2023-02-04 21:05:02.891343453+00:00,0.253,ok,QmPL1fKbcz4KJm95qzdd4pf64KwsCgWYb2J1da4ih8BLWt
2023-02-04 21:15:02.497982512+00:00,0.201,ok,Qme7JXLn9aid7sMNrCouyTQ33Rsv7hwn5iTyw7iYMgCFAi
2023-02-04 21:25:02.536643239+00:00,0.271,ok,QmNyMZSnSrBnhSVGvSJqXCAysF2VAJwHwJVt2KdNYfhpGf
2023-02-04 21:35:01.702157914+00:00,0.263,ok,QmQCkL6QMTr7FGrC3imCPDfcQWxZFVWBD8LhAjoyavGqg6
2023-02-04 21:45:02.582120766+00:00,0.220,ok,QmVesKni7f7tAD3R9mDBZyCVWPaTBnCG39jXh3hSZ4hSqG
2023-02-04 21:55:02.412784577+00:00,0.244,ok,QmXY1hhJnDksPhrY3r3t41CJY6kSuDuEJJALBhjYNisyYd
2023-02-04 22:05:03.583876196+00:00,0.831,ok,QmWHVK9YaeprCUBG4nytQesWkSHpuyJwKQ2JVHD9GMknon
2023-02-04 22:15:02.537468502+00:00,0.232,ok,QmbRCxYSsTregMQhtLU6PvEqCNHXxuXUAzviV6cZNFAwgs
2023-02-04 22:25:02.878139450+00:00,0.249,ok,QmV7YjkvedHHfQ7FTWAAQC38aiswWGcwz82DTHjQtNUT7L
2023-02-04 22:35:03.000700581+00:00,1.019,ok,Qme42VVXBw9cabSjbgwjT2Zc4RgXeoo3NFLP3eA3U6rdtK
2023-02-04 22:45:03.066980035+00:00,0.515,ok,QmV3cRt4pB3iJYbVgrpkVNLj8mxz4VCb5nx7D1fzgBnjkK
2023-02-04 23:05:02.654475241+00:00,0.265,ok,QmNNJhZuNmerJ2bFc1xbFKFBj9SamrhzaWvyM9LNsqejPv
2023-02-04 23:15:02.653388647+00:00,0.280,ok,QmNXuZA4Y5fMDoHscWQ6hAFnDbwRGYcd8Bs4xQckCcK7U8
2023-02-04 23:25:02.553905126+00:00,0.258,ok,Qme7e7D1cgqMqfeJBU1eUSyu2CpSNLKJ8Pxw5W8v4hBB8Q
2023-02-04 23:35:02.569117405+00:00,0.190,ok,QmcRHqHfb9cW74DQV82qT5xUXQAHu4n35bXYTWigvMKCAd
2023-02-04 23:45:02.080079897+00:00,0.306,ok,QmbnkxiJc9oxnNbkjbfRk25DQKoY5DkUfMKkKdpVtskFw7
2023-02-04 23:55:02.682351492+00:00,0.316,ok,QmeFMZtHVY4A3LmtzjbciyhAvo9BaKY6J3pXotnbn6PwWn
2023-02-05 00:05:02.916947433+00:00,0.354,ok,Qmf3ipFgSF8WBhLBZhocCxKAHzroRLFL5wUWC6QcFKsg2R
2023-02-05 00:15:02.701406249+00:00,0.246,ok,Qmcj2i238R8v4Ljj3gXESAVQSCnSMpS56KYjCrLWkhmJ8g
2023-02-05 00:25:02.147719458+00:00,0.273,ok,QmP69P25p8u9hJ47jq2bhBi9kyrmfhXLMuPxKSguv8THjP
2023-02-05 00:35:02.725834605+00:00,0.266,ok,QmeNW9EK65GjR43nJcVPjAhbDXNBTq1FYUSALj5GWmstx3
2023-02-05 00:45:01.517278116+00:00,0.207,ok,QmbRujbvu26vNH2HB4V188ptnFuPy226m669JiEaBbXS3z
2023-02-05 00:55:02.729364133+00:00,0.237,ok,QmXYExveJ3SH1ZnEVwyAD3Cxc9s3Di8rtnLj4EicQtjzBq
2023-02-05 01:05:02.574648182+00:00,0.210,ok,QmS9x4mLyyeDTGKwLmm3QzeZUPpTdq1jjXBJgSSBdVMNnD
2023-02-05 01:15:02.964398633+00:00,0.245,ok,QmNPPKk9XpVVj16CZwJ19bX2unCHxUBKBnGZ3m11T4i3cv
2023-02-05 01:25:02.579700846+00:00,0.209,ok,QmQLTWtRJkFQwhFiagicNMd9qb1C757q2TMVUNVy426hHT
2023-02-05 01:35:01.913680596+00:00,0.212,ok,QmX5xzWVeZffQ6GMcVRaSrBnzmnrL3W9pC4C5T2q7jJtwi
2023-02-05 01:45:02.193689885+00:00,0.313,ok,Qmc7sJ8FgwrCuGw8TB35Y61kEnrwjNpEaEDS4Vg6rFMsjg
2023-02-05 01:55:02.412411762+00:00,0.319,ok,QmcZgguxmiGaFcrCQ9RsnHcGnTH3WWwBpvgCym6AuDiAct
2023-02-05 02:05:02.703055590+00:00,0.186,ok,QmdiwuHCVr2hrheif91jDTgHYTxySqSCKcv3gVe3UAeKxu
2023-02-05 02:15:02.185846765+00:00,0.404,ok,QmTTPaLD7t2K9ypb8FcWuP8XypH5T5XmXrnoEq68zh75Kp
2023-02-05 02:25:02.204670296+00:00,0.404,ok,QmQFyoWUnqbF5pRXs7Dxkjs9baji38T7yZtNSm633VQGdf
2023-02-05 02:35:02.851364754+00:00,0.242,ok,QmaSYJorKtkokgbMZPAaPcVcx6xAotDrQ14WvK2CTqxUDL
2023-02-05 02:45:02.595927317+00:00,0.213,ok,QmTJV53mmd19hsiASvLtyMHCw97e4WmdXtfN9AfLnr6fMh
2023-02-05 02:55:02.716141237+00:00,0.304,ok,QmYkRLYZaSb6gKJkUYJ7HT4vXB1BbmHLd7udT1bvDXcJDY
2023-02-05 03:05:02.402514202+00:00,0.217,ok,Qmd2uk3cff3WnbwQfujaNEanQJAaj5QXNqNgBvzhwAnXx1
2023-02-05 03:15:01.787046552+00:00,0.340,ok,QmWXc2NdBaMr2cK8hAWZwoHFcTY4pJg9zn82qzFXqq8aMX
2023-02-05 03:25:02.193753796+00:00,0.274,ok,QmWgCtmbQv1sgJxBJPJvNqPcaV5za42WTDcPszeW5bf6Gm
2023-02-05 03:35:02.735550105+00:00,0.196,ok,Qmd2NCF4TypP6P7p9KNvRB2L8cd8Qe6UECXKMMmiH4TQ3e
2023-02-05 03:45:01.884713082+00:00,0.211,ok,QmTyjUvjkTd3LgMYovPAgU9VeGJYYVR6wooA7b1v9NEyAG
2023-02-05 03:55:02.679645514+00:00,0.254,ok,QmVWe6RegPb5EKJuaYXdBAZYKJhFAutQLMcHLRUGRDV3W4
2023-02-05 04:05:02.639547479+00:00,0.182,ok,QmTozt4RuQmwpY3meM9HZQeDXxYBcs8WEYuqJAAomnnF9f
2023-02-05 04:15:02.443196222+00:00,0.298,ok,QmcKceq6R5nErRXhCYsXBC33Sry757eWCGLWwxqDeW3fUq
2023-02-05 04:25:02.254686713+00:00,0.280,ok,Qmb9qzPZteZdT5hJwhQiRQokakkD9aUk5NPpuW1djvwo4g
2023-02-05 04:35:02.534604047+00:00,0.220,ok,QmY3WExZbbUJKMCEi8W2YvGijWy2FL6NtLbB7mcpTAYABP
2023-02-05 04:45:01.966602602+00:00,0.304,ok,Qmb9Qyy9vAveLYxGfMVH7fVAGLCozyuHuBZ3T3JQHVDoi8
2023-02-05 04:55:02.169661000+00:00,0.320,ok,QmcnhRixmzok1ThXS2H683kK7Ts8yXyT9sBULQynjpLhge
2023-02-05 05:05:02.297666070+00:00,0.248,ok,QmWk5MVwZgEhYrR1DxquEMTX3GTC1XdwFebRJuS3KTc6Nk
2023-02-05 05:15:03.131054602+00:00,0.540,ok,QmU51REEetA958SGLKbtxxmXi9yQQv7hZELPgRqyFQ6bko
2023-02-05 05:25:02.363671344+00:00,0.252,ok,Qmc5tQVnM4ojrdBz1RzFfc9CFnr3ZS3gzASB7v4eTDg39u
2023-02-05 05:35:02.560522975+00:00,0.265,ok,QmaKiRLQ2tKP5f45XAGgGWLM9L5WhM3o24xFUv5iqaeo3q
2023-02-05 05:45:02.250622779+00:00,0.252,ok,QmX1b2BYo3VwY411itHSEuNBDvSbz3KUqHTfLbQi3JfYD7
2023-02-05 05:55:02.770853181+00:00,0.722,ok,QmeT6nNwXo8vxPkfNZVZDTEvyrHVZViLqYWuw1VSS237D8
2023-02-05 06:05:02.611602532+00:00,0.212,ok,QmfMLSPXqXcKaVGEPXfH2vg2HQVXqzLK6fGV8Ld9GuWYaG
2023-02-05 06:15:02.362642369+00:00,0.290,ok,Qmbu78XnzyUgR91UsKnUfpkEayxbu43qVZcSicRFjaEwys
2023-02-05 06:25:01.878612160+00:00,0.293,ok,QmTurJ55gaRJRP8nVq6JUscFxA9SzSy8YDhtZNokutWdM6
2023-02-05 06:35:02.311203981+00:00,0.297,ok,QmRRHbt8uQqkXge1pkw6LEuZWapjvPNSt5oEPdE4orfbN3
2023-02-05 06:45:01.653913128+00:00,0.225,ok,QmPEgfbrNGyMWidfjfBdTB4qJGLxSNuPWa4aGE8j6NckeY
2023-02-05 06:55:01.825396654+00:00,0.259,ok,QmXNoiRjfMq2vqMsiqP2DNYMbzjwYkyFLAC8gQNkHuTWZ4
2023-02-05 07:15:03.233790236+00:00,0.350,ok,QmUYNwmb8ELjTf6gbWYSDpYwJhN6YaJny6TtvKAzve39th
2023-02-05 07:25:02.484561956+00:00,0.234,ok,QmP4xCT1jQeEvAkZZBaE8ovWsaHexzPDbzroHckL9Ceqrv
2023-02-05 07:35:02.858886847+00:00,0.572,ok,QmciXTf8fVRgV7fuXgsWYXsFj3ZHWUpbgdYR2t2ctvmrMP
2023-02-05 07:45:02.818257528+00:00,0.504,ok,QmSQvExvMPTcSQf4obnfwJzPr9vHmWVHppUZr3brhDGmfs
2023-02-05 07:55:01.934202820+00:00,0.226,ok,QmZBnVPPGzKKWnnNwqa4u38E3G3SHLEnZgVapQer45GoKU
2023-02-05 08:05:03.114550150+00:00,0.694,ok,QmbNMJ4APcv2iqcMmvpjywfS268ZBv8mSgNG4FCenZgLCu
2023-02-05 08:15:02.874388656+00:00,0.240,ok,QmX7VYe28mGTSeiJzAUh52zSNrNJzmmrxLoidwWdyqxGrw
2023-02-05 08:25:01.643783599+00:00,0.213,ok,QmenEiaLkZcNvZxhr76KCSUynM8T6Tmsq6WWkpVZPS3jSe
2023-02-05 08:35:02.535854104+00:00,0.229,ok,QmWMTHA17bXCjKbSbU8BHJ5YbqzXpPXwSZKS928z1EkRZP
2023-02-05 08:45:02.988746645+00:00,0.546,ok,QmTWf21ar1h5gpGTjMA1Q9VqwvA2WqbwUU2fKkS2RRcYRx
2023-02-05 08:55:02.414590143+00:00,0.227,ok,QmPJLuntFy31qmBf6XVF7beG1J9f2bvdJZaMVMqmnE3GpU
2023-02-05 09:05:02.790057436+00:00,0.758,ok,QmdtjkBUG1TxvTTqietPbpgZoYxmn3iGwm853F15otbee8
2023-02-05 09:15:03.202116765+00:00,0.743,ok,QmSSM6AECTjs3wMRBDNPus78ZR3jcLsmKqEKiqfFA6indU
2023-02-05 09:25:02.109838937+00:00,0.744,ok,QmQ2W9Y9uatJjJtZu76XYFpJStxVHPfAUmw351ndeZa6tm
2023-02-05 09:35:01.829378806+00:00,0.272,ok,Qmdx88ZcAXaaASJ162jUb5aUipWmzJKkeSRf1Emsba4Jqn
2023-02-05 09:45:02.093078946+00:00,0.192,ok,QmQxGD7AckLUgCLhcLCpqM2q9EZZyDj2sjdtXHnxeZQzFZ
2023-02-05 09:55:01.819050389+00:00,0.411,ok,QmVrJoMwD4iV6S2cbGGyfHLApQ7srLadqQnNuq1gWVMWFe
2023-02-05 10:05:02.544047192+00:00,0.261,ok,QmWx5vgo4cQ2Zi8B48FTbdUh8iMQvJ8E3UwT3nGB8DBqZd
2023-02-05 10:15:02.657652262+00:00,0.240,ok,QmUC4xxqLyXTpwowUVwSAwNiMb8ssn4E5nVtgqvshhxRXf
2023-02-05 10:25:02.616907228+00:00,0.200,ok,QmeoEDPp5kSuEEsmnUSoTQxqZRZwmG4ETu2So8y4WqwQbs
2023-02-05 10:35:02.304369219+00:00,0.303,ok,QmWkGDLmyBsCFQ8p84ooSNo4gdV91jY1QNMhnFz2xUd119
2023-02-05 10:45:02.389249666+00:00,0.241,ok,QmTuFrgJipY6UayE8ouYWpPUU2AZoZ46N5Jf58JKQ5Tc3k
2023-02-05 10:55:01.988710604+00:00,0.177,ok,QmYk7tbidLv7smMmJgvHWfUxfd6RyFZVm2FtYNGeznoT1o
2023-02-05 11:05:02.539076742+00:00,0.191,ok,QmW5TbwZoiKUr8EuX7Q8DDUxzEXp6xpi6vWnBakczPpsWV
2023-02-05 11:15:02.678664656+00:00,0.232,ok,QmSc77Uoek25ayQMrKjtNbMhfcDhv8TcWzgFYJrFwYSVzN
2023-02-05 11:25:01.986398554+00:00,0.334,ok,QmWTvQpCv1v3oDHAh8ELp5SBsR3C2BqdxnApyX3527UwLN
2023-02-05 11:35:02.389755008+00:00,0.178,ok,QmaQqk8gYgTrAfgB7hPZyQvKaQtwMgbx87wo5K2iQGT2Yh
2023-02-05 11:45:03.019555637+00:00,0.811,ok,QmY2tPW4KRUj2b7kZWcqKMa8CM6dvV1mbCcHMrNkaqsZEW
2023-02-05 11:55:02.460438404+00:00,0.208,ok,Qmf3GtgSa4qoL4ERMFJHYZcBrTGjTrFKtxvankte14aViB
2023-02-05 12:05:02.385400234+00:00,0.396,ok,QmYy3rNooNHzRp3DmbF2kdqiB1Ege7VcZSG15D1NtX92xT
2023-02-05 12:15:02.151590736+00:00,0.275,ok,QmXfrXM4gEdnQrraszFduQoq4y69qctLwSSAVHSDW2xgFV
2023-02-05 12:25:02.279914287+00:00,0.450,ok,QmUNzNuoVPAUUbFKqRZpo88SEp1aperWAmwfGtneMkJLnr
2023-02-05 12:35:02.558671769+00:00,0.191,ok,QmTf7QG4nTDtNaAHVRmm1895g6VimcVvktaHHyDS3aPRq6
2023-02-05 12:45:02.602202005+00:00,0.189,ok,QmUXFYvrcKLeDLyU3YqiVpM7SXmixrn6R9MLs3jDKrL2nW
2023-02-05 12:55:02.368137457+00:00,0.224,ok,QmPnq7yxgpHPvRvgMoYYXDpUt1ZhM28DMUm3mi7GfSqQAN
2023-02-05 13:05:03.181482427+00:00,1.460,ok,QmanLi5evqscUqc5Zj9ratPanxLSBujCrtBmuvHxWrdxqn
2023-02-05 13:15:01.928406391+00:00,0.280,ok,QmTrxJxUaEQbKFyYUNe558BUcxzFfCQ1SQYTFjgYzRMFdW
2023-02-05 13:25:02.501356878+00:00,0.200,ok,QmPaeAMkPW7MJ2LySYzJTTksN86PBhRQj4knyYRgta7RJo
2023-02-05 13:35:02.674419230+00:00,0.376,ok,QmZSL3xa1tGDX2kbBZBnp1wPBqmgxqt7QmhDSZmny4E2Q2
2023-02-05 13:45:02.441841702+00:00,0.708,ok,QmTmwurdNFxxUcKnBiLsKsXoyFVa7ssvcty5BHD5XkbAPi
2023-02-05 13:55:02.723446899+00:00,0.279,ok,QmQbtLfYfW2aYAGa4jTKAvKRoszfbrR69JJeb2xnZZ2LzP
2023-02-05 14:05:02.218430317+00:00,0.353,ok,QmRczmB4VLPfLuYY6Nut4MTWE8d8wbvdBsDfbnLwzfU3nD
2023-02-05 14:15:01.991945877+00:00,0.261,ok,QmcpnDkCqpmahzmskVpcgSrvUjoe8zmriAdgg93RPraUdX
2023-02-05 14:25:02.565116994+00:00,0.232,ok,QmQ5RpccAXi1MARKjDxjp732ZtXKLBDmLMD1fSnEfSQao4
2023-02-05 14:35:01.875985482+00:00,0.195,ok,QmaFwy3weg6ypEohqtDZBEruUb78qFvBWZ9W7Kc9Kwjd6r
2023-02-05 14:45:02.504092543+00:00,0.205,ok,QmSwzNpGUK9RRMsbsy1XwzboZUgjcW6n1pGvFXeeuqS8ZZ
2023-02-05 14:55:02.443994987+00:00,0.328,ok,QmabE5qxpe1patRf5Pgx1VY7wMShD2AabH8n95CceYAYLf
2023-02-05 15:05:02.156442679+00:00,0.263,ok,QmNqfuoRTfPTg8dLW1iSJK1MqXKQEXzaavaRDzfhxTkk7G
2023-02-05 15:15:02.015259634+00:00,0.196,ok,QmbhYup3Skmh4WzLo1SUURG99j6us6M8uYZpekNdyN7Dsx
2023-02-05 15:25:02.386011659+00:00,0.265,ok,QmRxdWowDpCTHkvFfyi1Efm98xvLTpFbnWXgnUn3FhnmAJ
2023-02-05 15:35:02.388780848+00:00,0.287,ok,QmVpzPuDPNEpRcA7yZWH7eUp6iWSSqxPVXsW3JXVNVFkSD
2023-02-05 15:45:01.813111425+00:00,0.296,ok,QmefKxjMd6bHNQryzqwdGw85QihqmgpmiUwowq67MvBgFa
2023-02-05 15:55:02.151837955+00:00,0.212,ok,QmY8nnanEsTjDDF1vrnqGVyiGrhAyriYp99TCJQKxWYipQ
2023-02-05 16:05:02.408005443+00:00,0.253,ok,QmfSDBNh8p6MxgLeE2H6HLhZAgqHQwDGVBnEf2rWUBYsim
2023-02-05 16:15:02.274418338+00:00,0.480,ok,QmU4KwLWiY37cTRJoZeFPot113AxuMojAWCQiKQbhK1RVk
2023-02-05 16:25:03.210965035+00:00,0.819,ok,QmPY84o4cJs5rCF92ZYNKrbF9YTL8ZoDvyHCWAUZ7SRcFX
2023-02-05 16:35:02.695049347+00:00,0.758,ok,QmZf3Mw2TKU8TBZ2pM1PCuzvtB8NkiJ7soSYHCJq22z1mL
2023-02-05 16:45:02.305376937+00:00,0.226,ok,QmWQMagRDNQk6XeytHoUjDJDtB4kkNVDd5GSrPL1exWxK3
2023-02-05 16:55:03.112967042+00:00,0.533,ok,Qme5NZRxkmcuBNVtyQwVSHeqsK7n3ox7acFMznz2ftZbuh
2023-02-05 17:05:01.607982944+00:00,0.272,ok,QmfRnS4mRK7X7b7TDteZrW26rCn5d2rvb2fUfD98vVxa6j
2023-02-05 17:15:02.841378841+00:00,0.335,ok,QmNwgu6SoPAMd1tMpm8y95HThfq9YXNm3asUrzSbebdSrQ
2023-02-05 17:25:02.537942856+00:00,0.203,ok,QmT6jLt9bQ3jvfnfB1o72gngYCdfGawdtqPPrVTn5aDasF
2023-02-05 17:35:02.749967102+00:00,0.261,ok,QmQ1YnCfMDkMYv7PrB7VwCczDfqnwMA5HM83P3kMyeDvwh
2023-02-05 17:45:03.060641011+00:00,0.346,ok,QmZZ59fR8E8SxtJZaaxe6AMvzqakxCmtjXa4JxDqGCymDr
2023-02-05 17:55:01.868210342+00:00,0.339,ok,QmSoom3jVdH1wDWz3iH14XQSZpEhnGnhJXv8RP9GojS2T5
2023-02-05 18:05:01.938929431+00:00,0.211,ok,QmbZFWxum13Yxnc1JSRHBxiSM2PZTwbojBDjD9Q5PtBMgE
2023-02-05 18:15:02.762577673+00:00,0.268,ok,QmSdQgmdR4t9CUNPMVfRtA72LDau44dPRLU7SqwaLCbZZ2
2023-02-05 18:25:02.420672417+00:00,0.235,ok,QmRkkwuBhVyK2cyHJMmkRfyixkVshj4KD7E2UkZzLuNhzt
2023-02-05 18:35:02.861727424+00:00,0.243,ok,QmNTXkUCT7nnfjetu8g7poRuGmYkdw8D1fmywVwZk7bdnh
2023-02-05 18:45:02.776728344+00:00,0.247,ok,QmWkrfcBva451U5WQF1RxRNWM3L299MEA1pNSfpDAqdMXF
2023-02-05 18:55:02.309349547+00:00,0.196,ok,Qma74QDdQQM67njh3xmjGejzgMBCrGR3ttv41K4aTz6svg
2023-02-05 19:05:02.565827586+00:00,0.681,ok,QmZBRokzTL3wx3AwqzyEkEUVXGTKnKaCcY9impSpQfatKN
2023-02-05 19:15:02.440445893+00:00,0.210,ok,QmenMa9sJ5UxN7uorZFv9akgk1yCmyM25sRLeMZiEQWhch
2023-02-05 19:25:02.367455772+00:00,0.209,ok,Qma1BXu1ji3zzSGRdwrLaRZRLiaoJSP6Sv3SEcCTsxRBQ2
2023-02-05 19:35:02.235734851+00:00,0.216,ok,QmXVMSrL3wqi7QEvqMnVtCphTfw8DrWYZYQKaEv162fpFH
2023-02-05 19:55:02.834723339+00:00,0.416,ok,QmTbQJe1iT9cHkwEqBG2GNN5SddkobtsTWFH6tN6iSRDfB
2023-02-05 20:05:02.392593131+00:00,0.203,ok,QmXa1ddrrqYs5yr1wyJtMQYWtznoeWZnBEHjgCtVf4ijgb
2023-02-05 20:15:02.271461259+00:00,0.400,ok,QmWEg6cDTskFB8C79BBE1BkjrXzhthfrJWhZckA3T4fQjD
2023-02-05 20:25:02.654239266+00:00,0.208,ok,QmNYnscGi1tVSyRpdw6kJ4NwSTp1QA1HdcjxJZ7yJCLWcV
2023-02-05 20:35:02.593465954+00:00,0.322,ok,QmSyMTqGgahi2bQgyuJymiYGLmGbws8i9Zc8LY9wmAY964
2023-02-05 20:45:02.584213673+00:00,0.292,ok,QmaGoFGqKDoZ21iHCaQHbm9yT6irEGsBLDfHRi6kDTrbjL
2023-02-05 20:55:02.021375162+00:00,0.202,ok,QmVFm6iEovSYPZF6X7GGtdCenbmUiBB5jukze3zAXUrqse
2023-02-05 21:05:02.305230468+00:00,0.348,ok,Qme6Wmr4xqaJX7cyQBbJpwQ8dPfeaQKi6GdkGK2Y9BqyRk
2023-02-05 21:15:02.349370663+00:00,0.234,ok,QmQaBcnxBejU7nD7k8Q2baDv3643gYrS3Gu8CcjDze7zBH
2023-02-05 21:25:02.863397644+00:00,0.287,ok,QmW9ymYYRxM6oBtzAUQtp63KU1brUKAGQCdST1WGG9AHYC
2023-02-05 21:35:01.721449385+00:00,0.248,ok,QmYxozW3uf2g9K8KThcjSU6duBhVNR5zY6jRG3jCXGd6Sv
2023-02-05 21:45:02.178401904+00:00,0.244,ok,QmceJTni55wd3G3iua43xynXydy4NgFKS1ipHtDqHTYihJ
2023-02-05 22:05:02.858548392+00:00,0.232,ok,QmTtByU3kc79T6awkeYdUpoyj6Kunc9KZvtd152ivZdbdn
2023-02-05 22:15:02.710720303+00:00,0.412,ok,QmU8PuehbvcCqZPcRh3GkpUvL8m7mddnEfsxoBRQMdQepU
2023-02-05 22:25:02.531651908+00:00,0.698,ok,Qma2E1G5cjGgS6inHufQpFmdR6jfFrZJtDc2cLtDtnZe1m
2023-02-05 22:35:01.848854071+00:00,0.183,ok,Qmdxp8ASwEyAWpHmfwzCPDGmw4ko3FmbaWSaiNU1eJqoWw
2023-02-05 22:45:02.731768751+00:00,0.190,ok,QmaKbtgGJggrTNiSyZ6TANysBaZVe8mZ5dWYf4pcFpoa8P
2023-02-05 22:55:02.717790372+00:00,0.243,ok,QmXVPms4bEBXLzJutr3S4wfEB9w7rbhwEyKaDZj3rWLPA2
2023-02-05 23:05:02.058856220+00:00,0.268,ok,QmU1XBTvk4245RkMT4q6k6NdiNw3tF6qK66QmpQhhHrDTM
2023-02-05 23:15:02.513874090+00:00,0.251,ok,QmXJR8ekesM5skJw5zKAR9EVb3AkRj47L78PFR6SbFMyPX
2023-02-05 23:25:02.452149949+00:00,0.325,ok,Qmb8QckJT5ELR7Jf8agCUXnCnqgYqNVLCKMyE7w2JZ9suy
2023-02-05 23:35:02.424416653+00:00,0.196,ok,QmPmVL4T68czVUNWV9QjGfBEjYXLpHqyZERvFWUD7H31Yd
2023-02-05 23:45:02.360404543+00:00,0.245,ok,QmU7mXEfpKwijEoaroL54SBYrMgKQxZhVe1pHYVPug7vQU
2023-02-05 23:55:02.161492280+00:00,0.213,ok,QmUXxRTT8d6U7arQPaYmPuLX7CtuUuCpUCoiC6DxHxQKWG
2023-02-06 00:05:02.890175130+00:00,0.584,ok,QmYcBxeTxA8c2xTWG7N431vnuZK9ugd7WDkbfFBHVUPvgr
2023-02-06 00:15:03.225366139+00:00,0.482,ok,QmQpqDEtEGrLdAhRKZzpGRTZWympDj7tkbNFDcVFTcG8Yg
2023-02-06 00:25:02.677577826+00:00,0.199,ok,QmSCAZSkzmiDfMZCySVL6ky2h1mW9s33PBAW8mRGMBDXbK
2023-02-06 00:35:02.849323781+00:00,0.267,ok,QmRQizy44hFAmym6faj23Ds7UFw1KTJw7TdnSusan9zo3m
2023-02-06 00:45:02.872773293+00:00,0.339,ok,QmZLs7u7eTV8SNqksLYHgquiQfgo7wJFKZaVH83F7UzYW7
2023-02-06 00:55:02.480343631+00:00,0.195,ok,QmeZY5pia1VyzJgt5TSVkseFMSe1sMkdM19UCbYcmZ8aYU
2023-02-06 01:05:02.595329203+00:00,0.441,ok,QmPyd6E9Vtsjw7bBn7pT2xwiE67D2X4eExRfUuPFdos4zs
2023-02-06 01:15:02.854513761+00:00,0.221,ok,QmZ7SrtEVUT9Y7ch6jhitrvFeqRhqtEBZ9LQrYcVH3NUVu
2023-02-06 01:25:02.631019277+00:00,0.264,ok,QmUZhVZ4MBWc6Q4ysbEB17C7PVs34Fyqm7h9SxuC3P9C3w
2023-02-06 01:35:02.638385538+00:00,0.187,ok,QmTC2YVfk5J6f6RYugCpACoYmQizR7ciDhFNLCqPdNQEks
2023-02-06 01:45:02.614947624+00:00,0.277,ok,QmQckax9Ckxi8k58BqTvJ9WCyNvg8nTp9NoUi631YFZwhE
2023-02-06 01:55:02.508757238+00:00,0.640,ok,Qmd4uo9fRWKYsu9m1NyrWFDjgtBkkN4NxY5eB2aG4mf5Um
2023-02-06 02:05:02.544688534+00:00,0.692,ok,QmPdLDwnm754qXzjFdoJTmobyknxgEzYF6hgKEnT7ScXwN
2023-02-06 02:15:02.176458527+00:00,0.285,ok,QmVv4nFjWpQk94tDoutY1RBEu58p2GzD4ixA4bqCyccn7y
2023-02-06 02:25:02.543156639+00:00,0.283,ok,QmZmQKc51Uq7a3EnvR76mAnBmT8YAbJMXmQASpSyC3Aq5m
2023-02-06 02:35:02.361322882+00:00,0.320,ok,QmaNTgL9ZoGLTwA1qRswBtqoXgdR8HRwGnWgHpVp9Exxj4
2023-02-06 02:45:02.690991071+00:00,0.211,ok,Qmb84bMkB3kRn8idbaPz6SZb3Z82mo2AvEkZg6682tYwdG
2023-02-06 02:55:02.884325211+00:00,0.260,ok,QmWL7d477z9N54r1UY4D9orP9gjXLDyS4ZwvuLEhKm4qLK
2023-02-06 03:05:02.738850880+00:00,0.263,ok,Qmc5ChDmjBstvJbezBeUpwaDjkJ1u4buCRirCUnqLQVh4r
2023-02-06 03:15:02.941318895+00:00,0.284,ok,QmPbxPwfqUhzRJ21GGVX8Qtt7d9b9q6fNfZaT3s2FTFP2j
2023-02-06 03:25:02.733811565+00:00,0.223,ok,QmdpHPiZpDWZvhYqVkTxvXPRAwyJGiUPVpvYX6cVSA8JxL
2023-02-06 03:35:02.322972115+00:00,0.200,ok,QmPbWPL4QgJDKcvvWocfkhusx6ugk8NjSALbTwivNPigSw
2023-02-06 03:45:02.376226910+00:00,0.288,ok,Qme4R6Q5Nnkyi9q8cTVyCm1puz11rNwPs9BzL3FzjzVFh8
2023-02-06 03:55:02.605459773+00:00,0.308,ok,QmNqhFDbKZspVi6j7sXU78hv9KJUijTJAHTpuCsRPi65R3
2023-02-06 04:05:02.052553277+00:00,0.194,ok,QmVnEMAcvzjdSB4hxeXsKGptCN9VVySbFjJA9qw17ctzbA
2023-02-06 04:15:02.482809656+00:00,0.871,ok,QmaxPT7YtYQwKSyqtCtiDrqP53sMxiugvT6iRMKbpWQ46f
2023-02-06 04:25:02.534462383+00:00,0.234,ok,QmTovTUTHhLUPqe94bMMWGzCDScarfBgD78nuV19cvExsp
2023-02-06 04:35:02.312941130+00:00,0.203,ok,QmU2jrQfVkmkMPnKXXabc8YZeeXUtMWkT9chLNGMTxG5Dm
2023-02-06 04:45:02.735624600+00:00,0.702,ok,QmbJb8GsBsVFn7FzSCVgMW93TkRane2rHdwuAZy5CNA4au
2023-02-06 04:55:02.271000639+00:00,0.258,ok,QmWmz1TfqXLjmX8oYjDJZBacQs1MGiQr18Ji6gcNMKUnPE
2023-02-06 05:05:02.030951475+00:00,0.251,ok,QmYb3pebCZVxUvV3oeiWUw9pN9LyCS8qJKdL2fufdEpuwE
2023-02-06 05:15:02.932941248+00:00,0.248,ok,QmPTDwGcumneWG6sxEQvcq2kjYXdqKUfNwAqXLvfcDYU3P
2023-02-06 05:25:02.106366618+00:00,0.370,ok,Qmawkv9MU8EWMY6fLYGsBSb6GYXDAKMN7neXxPheF6iKcL
2023-02-06 05:35:02.335284334+00:00,0.194,ok,QmYUvoiuMXybo2wRC8RPeMDTbD53yuFbF7fhaL7PrBXKLJ
2023-02-06 05:45:02.432608317+00:00,0.208,ok,QmUXtbnqz1CeUC4KEKRMeFroyqk4gJenLp3ceeq421iQh8
2023-02-06 05:55:02.260070068+00:00,0.245,ok,QmQLoEMjq36mzCGZ6YAs1wac9fntBfoHVrie6sr9WY7A4E
2023-02-06 06:05:02.743457100+00:00,0.303,ok,QmZfzkwXRLCgwGBVATxmQJsqsLgSsbvCgANT4QdSmiCAZb
2023-02-06 06:15:02.837621585+00:00,0.280,ok,QmViBtvj7KdM35rMZDtd82nUBoF2HviqDExivtMeZ9uNMD
2023-02-06 06:25:02.344108957+00:00,0.194,ok,QmcppJ59CddFMejLm2iJAbkpxeYf9kLxQcnLd1sGYZ6qUs
2023-02-06 06:35:02.536862766+00:00,0.278,ok,QmTssPkaZ2c2usE6HQKep5aERu3mdsuRgAdgSdpNsggtoW
2023-02-06 06:45:02.782662606+00:00,0.856,ok,QmWwqwG5T3puff3DRRoz9fGcguRoSJeJ7MnvWnBKDZJweC
2023-02-06 06:55:02.526898258+00:00,0.269,ok,Qmc9zk5U9v1BS1nyWpXzhcbJ6WjCCWBtvcte8bsXFyuaGu
2023-02-06 07:05:02.181521116+00:00,0.274,ok,QmWJaPYMSCpHpY9PPB8cmMkvCKfNh6GJRNrq2Rjk334KiK
2023-02-06 07:25:02.716138398+00:00,0.174,ok,QmSNmGYLzKvybjYKoriMEmYGtrQD4TbYJ89yV4sMVr8Lqk
2023-02-06 07:35:02.792767226+00:00,0.208,ok,QmchUYuFQkNzP7TdaoQcWipjf4QDUjxgFZ8uDesbaQfUyZ
2023-02-06 07:45:01.713976255+00:00,0.195,ok,QmULwDEzrR3tZ8s4pVrupbRsbGrLY8zKrNj3n7DwvrgWfo
2023-02-06 07:55:02.676533779+00:00,0.310,ok,QmYmv1BRMpd2mXrFA2o94DNG2wygvWPBZmZVrZDQNp7fw1
2023-02-06 08:05:03.314126458+00:00,0.791,ok,QmRhLtDwE6dMtUmbdAtfbbnrMZqmivLEfYmzSEmKQRKwqk
2023-02-06 08:15:02.631022942+00:00,0.248,ok,QmTcEYSg192L3GVorDqPWDETUMXYDrM931ec3Yx4eYLMHL
2023-02-06 08:25:02.453536962+00:00,0.310,ok,QmNguQz7tBbmNSD87QLeW8sEwoDkyNRT9oXLV1uw6Xe7i4
2023-02-06 08:35:02.752156819+00:00,0.315,ok,QmafN5H9vABcVajFp9Ag7YAUuahMgpyyhE64evLT2X2GmN
2023-02-06 08:45:02.483078308+00:00,0.193,ok,QmUYq4XpKRDiQKAPxe2cjJPv1NRWEjsaFYhBg4MyQ7kAc1
2023-02-06 08:55:02.296670401+00:00,0.795,ok,QmW8MxqjVBNHuBCeDEzbY3DhbH2BqkJ2Rs445vQ8S4srA8
2023-02-06 09:05:02.652900794+00:00,0.297,ok,QmTzeVgKTwh7v93o9DVPwowLGjL9AxxR8ZcCph3WWzsV39
2023-02-06 09:15:02.499135977+00:00,0.276,ok,QmXSFcheiy1xFFu1oDU7sotPVmr1yz1UmgsDfSipGLFWUs
2023-02-06 09:25:02.519571097+00:00,0.188,ok,QmZMMD3pgJsiAzh8qqqndFv9S8ScDqRB4MSzZueA3ggSuS
2023-02-06 09:35:02.738685652+00:00,0.340,ok,QmNMzGwn9r3dCnbZ2cwUnqwTDdBFypiYxvWGnfcZRHK1RS
2023-02-06 09:45:03.030414615+00:00,0.549,ok,QmQgc6r4TDRGiqFVV3YPqZ297HmbVi8795k5SMcYoFGtYP
2023-02-06 09:55:03.002356870+00:00,0.290,ok,QmdpovRqukDueH9KwW7VoXyhHDVN57gVjFAZFxMZdDRote
2023-02-06 10:05:02.473993623+00:00,0.367,ok,QmdmzZYu5qrRQvFJKHh5f9fTTUUE79zVw6xAXqdSxSTMuM
2023-02-06 10:15:02.415397058+00:00,0.249,ok,QmQCNVRkJhT4GkavZQEYr5EBNDKYun1kDSbCfAFcHmsA9b
2023-02-06 10:25:02.478054179+00:00,0.843,ok,QmQ3m9AptriJ6PNhTR6jj8GixYdwBKqRmhr7kfie5KiU3p
2023-02-06 10:35:02.759623060+00:00,0.222,ok,QmSUhxb6ZJkM2FntEHSv4ykHxBDzM1cKrHE2H4JuF4g28b
2023-02-06 10:45:02.415859169+00:00,0.198,ok,QmWz4TABaKwfMBVTPn1AvsiTdz1WZKCX8HRKg1gPN8vsmb
2023-02-06 10:55:03.360930884+00:00,0.744,ok,QmNYCoW5zZTq6Cd69iMeWrYkms1WZWrEgRaMxGkEswapkU
2023-02-06 11:05:02.546875227+00:00,0.315,ok,QmbhJK4WYLFg3L6rJw9di63UQftPBWJmTDWQk9JgWTV33S
2023-02-06 11:15:02.812886968+00:00,0.256,ok,QmZvRie7cjcfZ1Uujs9X1jfL15MYxFaTcSd3o1C8gom91f
2023-02-06 11:25:02.597550184+00:00,0.416,ok,QmaoaxsmgeDzunuep8WNYXWLbCKvS5q7Cmz5Zne9PEUymV
2023-02-06 11:35:01.701524946+00:00,0.228,ok,QmNRRziwAf6NGVAfeFYhJ2xTM3aMnHwwSm17TvsyXchNFL
2023-02-06 11:45:02.426510006+00:00,0.631,ok,QmQkmtDyuEBC1BX4mRYHNCvbAUi8Pm95YFHemnWyA6WygC
2023-02-06 11:55:02.663405615+00:00,0.196,ok,QmSMbyFbUYeunq2BxW5zz7isqHnm7vGDomqt5uAzgCHvMm
2023-02-06 12:05:02.436546226+00:00,0.348,ok,QmYcpyGANeEWaunNsdcyXXzJViWGdNdMpCSNFY1qMgQa6n
2023-02-06 12:15:02.365174784+00:00,0.287,ok,QmXw6n5u81ssEcuWVUZaT4xbZxv9iTuY23nTo5X1GoH2YN
2023-02-06 12:25:02.373808460+00:00,0.292,ok,QmXQNLeomMe1WLWDNghtPcLKuxy7vzMvsusi4fJtyazW8z
2023-02-06 12:45:02.306665431+00:00,0.256,ok,QmdKU4xYEnPjj4iga2AsJxoKGovnrK5X9PnAB9bayaXr84
2023-02-06 12:55:02.551783223+00:00,0.343,ok,QmUQvp9Gi5bbweWs76gV6ftuCTUyERTc6EKrKaaCJEUZBb
2023-02-06 13:05:02.324893726+00:00,0.187,ok,QmVWYkX8hNDvCzKzsNGnQgMqTeV4DznVXDB1DyRvQ49qvX
2023-02-06 13:15:02.445334627+00:00,0.265,ok,QmZhM8bxHUdJB7iJJtAVtRtMtFpoZKgaJUYDz5xtdAcJhj
2023-02-06 13:25:02.257605193+00:00,0.273,ok,QmRunbNSKQJu5cy5LQ4qjdVhm5jJLtqjdUucph3ekNYsr2
2023-02-06 13:35:02.894175347+00:00,0.190,ok,Qmf8Vd9e6WvHnZznsyY93MbAfCHKHLQBoUH6LcseK34R2x
2023-02-06 13:45:02.401811132+00:00,0.522,ok,QmaSiGKqfAgwP2Vv5CPjNyYqGrEV2oH2LT2DmABj5uoR6b
2023-02-06 13:55:02.824232694+00:00,0.347,ok,QmUNNWLnW6QhwXQBewNJGJwExjujaevhf6aQpS5TQtbutx
2023-02-06 14:05:02.426690130+00:00,0.367,ok,QmUj9YRFsnbUPNXN8FqDttGwtgFiuZ6s7UhJLZQFYKerqT
2023-02-06 14:15:02.849910067+00:00,0.298,ok,QmSxw2GVFfsA6iUshANJPRF3pLDm6qxKr5JNJB8CraoX7U
2023-02-06 14:25:02.687847251+00:00,0.271,ok,QmdmrTawhS2NXnWSRRUpguyxkgB8mCRFe2xHiw9MRQ4beZ
2023-02-06 14:35:02.527909704+00:00,0.251,ok,QmRAEUPazAPAW73Xu4Dh33zZCaeY2BtefNc6GUpYNHyT4f
2023-02-06 14:45:02.228268658+00:00,0.286,ok,QmZFfwq9yXNmYy52gH7JjQ3QDYGtqoajmMi6n6nZAtcDKs
2023-02-06 14:55:03.096629284+00:00,0.314,ok,Qmf5oC4CygKpiCeM1Pfzt7ryPgNYSZJSaghoEgPHp5d4eh
2023-02-06 15:05:02.924593485+00:00,0.316,ok,QmUH2GZYFSEXuNYJf6NBN8QWsagSt9Ux5zLxrJUjes9EBN
2023-02-06 15:15:01.932466809+00:00,0.234,ok,Qmb1LGRb3bu41SjyBFBp1msUJXxDr64H7PCfYqCCos9ZqS
2023-02-06 15:25:02.736094113+00:00,0.310,ok,QmbKXXJG6tdD6X4XPVGqDax4VL7MmMRuRSMTdnq3i51iwA
2023-02-06 15:35:02.606002530+00:00,0.217,ok,QmUbYLDbBVDKdmwLHjqrhn44PhLDwzQVUsSWdcosyJjwX2
2023-02-06 15:45:02.800935674+00:00,0.485,ok,QmbZm2uFcQWygU81dV9iGjp8oP2ys7qE6KAVh9Z2XkdiMT
2023-02-06 15:55:02.464904088+00:00,0.336,ok,QmYW6YLLuZbA9J4TdPTucccg42dG6RxWMBAEka4hsBRPNA
2023-02-06 16:05:02.504531453+00:00,0.274,ok,QmTXTy8Jf2iCci62EUmWUVdxD87wBRmBYngKXBkCyM3njJ
2023-02-06 16:15:02.687365821+00:00,0.247,ok,QmckBkxd8RHAepo1YVDBY1uP7ouP6A33s9RZypTyhttiR3
2023-02-06 16:25:02.103375283+00:00,0.221,ok,QmX3pcjTCHtGSXxbHEQD5JN3KFnnPGQNdyAr4PuwoQQdwB
2023-02-06 16:35:02.823141747+00:00,0.256,ok,QmYESuNTMvqvb6eJctAuvFwLJS8QZdBGdzsBt2Hu7iwseY
2023-02-06 16:45:02.450927824+00:00,0.535,ok,QmRWUDZX8tDZeAXBh52hG9DaYyaRLpBsMA3WG8B6HGcXKb
2023-02-06 16:55:02.618129670+00:00,0.291,ok,QmdcgkYJKwPQRHo8GFViGtuFG21xX5sBX9C2xpJbcG3hMB
2023-02-06 17:05:01.780188043+00:00,0.177,ok,QmSFujNYQU5kd6WwoD2bBXRCP8qBxbv69kaGXAXFvrEWgk
2023-02-06 17:15:02.534887240+00:00,0.244,ok,QmTrYjHdH7H5FLy4HpfibrQcWqMimqtTGCErrYnP7NF7wS
2023-02-06 17:25:02.751398761+00:00,0.323,ok,QmUJPtS55VNzF2WYybu3FTeEBkVYFTXeUmRe3xXm6LZ17e
2023-02-06 17:35:02.532674371+00:00,0.186,ok,Qmag1q7vwsLgLcgTrwa2cruxFXcpEmgNT2FXxhS3sR8oya
2023-02-06 17:45:01.966662774+00:00,0.251,ok,QmbUJH5Sg5Pf9vgzYAMX7Ugjc3ZjUcZdfGecrAzB1LbUNe
2023-02-06 17:55:02.241595247+00:00,0.189,ok,QmY4gCjZzEEwJ1g38LZwszmYbdS583H1Wke7W28eU6XfHr
2023-02-06 18:05:02.844522278+00:00,0.313,ok,QmVg4NM7jWxuqCRwnzXeu54dLSNs6KecT6y4vEyYNAE4BT
2023-02-06 18:15:02.280004472+00:00,0.238,ok,QmNo5PRg5c1DMvYE4S9RGorVyH1QsemW6gGr2fgQpmZyct
2023-02-06 18:25:01.807827133+00:00,0.248,ok,QmTqpXAu2b9Zf85b6HhuAmxi5o8GmdxVRxvmpCDRvKWNse
2023-02-06 18:35:01.796673604+00:00,0.202,ok,QmZZuJTDnsk9gCfYivmc7g2dpvDXbrTG3sQCCbaFNJYjSY
2023-02-06 18:45:02.846097079+00:00,0.364,ok,QmeQcZ6PtwkDqUYf3F38VG7wPGhiaowjypvJs5UfG2Qiu2
2023-02-06 18:55:02.519781638+00:00,0.212,ok,QmT5h8mu4FikReCiD2WrjkcmDVK6t1EHwCfj1Gni2TxHUu
2023-02-06 19:05:02.596995306+00:00,0.286,ok,QmbfRtiy8fdfBuhmnAxYx1ZdT2c8835v2Xfr7pc2MQ3Y3m
2023-02-06 19:15:02.622992621+00:00,0.285,ok,Qmac7XucMXZtF9vL4QcNHJ95BWfa4jdF9fZxitrXrUoiJf
2023-02-06 19:25:02.368938798+00:00,0.779,ok,QmQ63ZN4kCjRGtjhAw4FLgP2qRPEbHtpnAh6ATbXR7Rwv8
2023-02-06 19:35:01.580984087+00:00,0.281,ok,QmaXKH2VtpfyZQ3Bt8fQRjMSWEEsJ1NMAmcA8geUPyoZ63
2023-02-06 19:45:02.581723366+00:00,0.301,ok,QmR7ZrBE9req1wbAQRQYoowXsfxCTLC1Den71qmZn2Ubss
2023-02-06 19:55:02.515039486+00:00,0.227,ok,QmdHJAirZfAdMjEu9V8jXhWbfMne5hAh82JLtmCAAjsj9Y
2023-02-06 20:05:02.391567412+00:00,0.197,ok,QmSi8LJdFViwFsruE7n4FxGgGjYjPvaNSsDNRqYovqGLaV
2023-02-06 20:15:02.905363067+00:00,0.309,ok,QmdCCqM3D384QmfVo8qweYqsBhiK14kGaESJVTc36JZofH
2023-02-06 20:25:03.554700044+00:00,0.781,ok,QmYMPqiAA4s7oE6rFVABWkQZSYrF8VwppoahGZb615cPyu
2023-02-06 20:35:02.272489415+00:00,0.227,ok,QmTEuSujU37fnnt1agPs2CSub565uHtLxm4XFrUakgR69J
2023-02-06 20:45:01.875602722+00:00,0.190,ok,QmadbgJQhX5t77LPK9BafkcWvHctRAKLdG5c5QDmXSSnuN
2023-02-06 20:55:02.550415556+00:00,0.191,ok,QmbmF69bDQMGwkeZ1ofPUMb6KSexriWxzwXmFRfV4DBvLX
2023-02-06 21:05:02.858389767+00:00,0.289,ok,QmVuyQgRqYzEWyimGnseU7xghRF4DdUTpKrEyacGNDetck
2023-02-06 21:15:02.588884396+00:00,0.223,ok,QmXN1gzHcU8fPuWVQf3XuWFfMBSUKoNWKiyBK29TMehS9u
2023-02-06 21:25:02.469648885+00:00,0.416,ok,QmZwbQ62gdBLhNxDXDh9KSZ9jQsGWQ4fLRZ8kTRR7VABmR
2023-02-06 21:35:02.580971810+00:00,0.208,ok,QmYCCV5aXTsLkxRa34XFPmzvbmv5ErQ3rjdFH1y3SqrZjs
2023-02-06 21:45:02.329879712+00:00,0.289,ok,QmfQuPXeLM2R1meNwBstDQej4K2an4RoH65L9Emifkjitv
2023-02-06 21:55:02.537645989+00:00,0.314,ok,QmRXjfkQ6LfSWR7VjSZSUuE1q8DCuLKHaWJ17tnsfcogpi
2023-02-06 22:05:02.357690093+00:00,0.423,ok,QmVYfds7TpKAfy4yxTXcj92QRcdyP6Hrnqi3TbFfofReuu
2023-02-06 22:15:02.716438049+00:00,0.230,ok,QmbWx6G3AS6mojGuK9THYyS9n3roKUFJr4iQ1GQP7gPZP1
2023-02-06 22:35:02.329584325+00:00,0.247,ok,QmPUtQ97NLYmCWptoyjDhfqNbZ5PjnHoWJfnkF2MZkKJiG
2023-02-06 22:45:02.741659865+00:00,0.286,ok,QmT3USoStXeimEJ3giE4HvPX4aBaGB9No6Q7i42dyhT7YU
2023-02-06 22:55:03.130982509+00:00,0.314,ok,QmQ7LyjFk16NooX1p8Div6QjUMMAbEu2HiCqsfNi59SyjL
2023-02-06 23:05:02.011749047+00:00,0.274,ok,QmXC9xgRaV8nfV1TdHL4ZxU7iuhGSC1WTpiMyu3A1hPVqs
2023-02-06 23:15:02.345411188+00:00,0.303,ok,QmcifumHGLyB6uvbNAZxPkre8QsSDHr3qs3N1dcMbqu7YG
2023-02-06 23:25:01.770144007+00:00,0.182,ok,Qmdco5XKS9aes7iDud8GA6pi4dBvQ5Jdn96EYBQrVDxEuq
2023-02-06 23:35:02.722056575+00:00,0.212,ok,QmSnY6uP6Zym6kq1yR5kBayFk1M9w9x7USmKMHNjD8JoEc
2023-02-06 23:45:02.945476388+00:00,0.221,ok,QmTJzWRbpuFcfLBspP82oFoDjfLbQ2TWpmM6nBSLnKma24
2023-02-06 23:55:02.646561338+00:00,0.280,ok,QmafkEbbi59CVr72v6BVmR33VvnXqe38fkR5Fusvg48Da4
2023-02-07 00:05:02.868088601+00:00,0.309,ok,QmY7e3vgioMrs1onRbVrUHtT77v9bErrx6WorTVcycGT74
2023-02-07 00:15:02.678414104+00:00,0.269,ok,QmVqTEe8eBYnvMquGcCzvxM8P2vvbj9ZcUyPPwSpHPNYeT
2023-02-07 00:25:02.531075623+00:00,0.376,ok,QmdkijF1iAsBkYPn24bsqxkNxGvy7xcUEqiuqMsaW93EiR
2023-02-07 00:35:02.633723619+00:00,0.227,ok,QmWkiaBPz77BwciU5Sb7vb9dAyZhXprSihHyG7ZASGCha3
2023-02-07 00:45:02.852697600+00:00,0.266,ok,QmYp8vWFYAYwr3LaWSAKXU1iVKYbcpKYmQ24TRyeXarqzf
2023-02-07 00:55:02.386911546+00:00,0.202,ok,QmaskTXVEYQLS3i7uzMb9rhyLBPDsog2vXWMHFv94kWbJ3
2023-02-07 01:05:02.798048086+00:00,0.216,ok,Qmc6XKQ9UdtvNLuDzxnCt6jnqb89sAya3Yj9jvNALNE9cQ
2023-02-07 01:15:02.821526887+00:00,0.183,ok,QmUVTVCxhBaSVmHZ4ZUKZLpX1JxD8SKEeZVH6H6jtdkU94
2023-02-07 01:25:01.777602046+00:00,0.286,ok,QmUvbeosKJCp69NJHXipr5fqEbCi8Ev7LbEp2bNSihPThh
2023-02-07 01:35:02.394522810+00:00,0.234,ok,Qmf9ZX8USvvhWxtEU1xZvzRFH2qsW3F82ugu3SnuXsAvpk
2023-02-07 01:45:02.619363834+00:00,0.363,ok,QmaFCNAYfbwBDzs91NbzR7CGShYQU4xfstnCWRG6oAYKRn
2023-02-07 01:55:01.921274951+00:00,0.356,ok,QmWdVkYRqtM4tKQZcu8NEfcxCFSDEGshpaUh5WEcCsfCaD
2023-02-07 02:05:01.719150598+00:00,0.236,ok,QmR2C99rmMxRpQvF82EZcpdbqRzEvsJr76X8QFRgX4NqHZ
2023-02-07 02:15:02.540467610+00:00,0.209,ok,QmbAH5JURUDYS8fddd1jWR6jE8iFU3tzcf6SBfv2jqpzhr
2023-02-07 02:25:02.616060516+00:00,0.341,ok,QmeFfrMXiuxEgjSs4nE9qQw1SMJQR3zqMA7yNBEZqyypiN
2023-02-07 02:35:02.177073269+00:00,0.182,ok,QmeG44rK3roRYgF3xPQzSrq7G5gpUrLD8ASJLGPNrknP6J
2023-02-07 02:45:02.929087265+00:00,0.319,ok,QmVf9kWZBJygjf3gCAC5i7BpUiu3L2j86e3Wot8NjHSFY6
2023-02-07 02:55:02.691137937+00:00,0.358,ok,QmXXZeJfdewrBnj7cD4zpan5JGSWnHN9kAddPCSmrXQjpf
2023-02-07 03:05:02.713182256+00:00,0.250,ok,QmXH4hVmjbAHBispeziRsaeMA2zcFW4euPavtRLeNVkusg
2023-02-07 03:15:03.368132235+00:00,0.794,ok,QmRSrm9ZKpkLD8okxyrd3t4vsM6CWZfuqNSW9TsePemCG7
2023-02-07 03:25:02.498657276+00:00,0.220,ok,QmYi1KgGBe3QhhfocS8a4Ccnap4UX2fv8uaB4q3RzJpukB
2023-02-07 03:35:02.730202189+00:00,0.239,ok,Qmb2Hy3XXgPpsT73bx45KHxcZH8uGRrcVwdCtMFaxKPcGK
2023-02-07 03:45:02.617160204+00:00,0.285,ok,QmUQiPXVMwWPY5z8bNDVSGcCqgokiHDhj7r2ScQfdETjjF
2023-02-07 03:55:02.583254926+00:00,0.245,ok,QmVGqDq6RrNJvJhAePPZSYb1vrvyA67bYUhE3dbuU4Pkn4
2023-02-07 04:05:01.861362033+00:00,0.253,ok,QmTYZ3zkkQDaU3iCBBkhcyyGDUZU73p9jjFXdbrysgfvbC
2023-02-07 04:15:02.491602843+00:00,0.255,ok,QmU5MHjokkURtFAMKGkVwtyhYiwUY6mfcpj6ajgwQVCjSk
2023-02-07 04:25:02.735774467+00:00,0.338,ok,QmW1mQXLb878seRvNS1rKavXRkVE8WYKvSAiwJTpsa72zi
2023-02-07 04:35:02.309860995+00:00,0.198,ok,QmdbqiEW3J3hmcKgcfUL4eEDS7d5CAJDkRCTrvaJzXZQvP
2023-02-07 04:45:02.107391966+00:00,0.372,ok,QmYNKaKBPi6YvLroKqz5A4XpF6MicRoeGRqSNuFgNYGyzo
2023-02-07 04:55:01.838718281+00:00,0.317,ok,QmbmSueNKAVTWazkoviwX2MjM1oh5CoagEDpEuMFiu4YF9
2023-02-07 05:05:02.321782862+00:00,0.400,ok,Qmc8bpo9WHTpecSRoiQMypaQ6nxZHtWzUTyb2xVVqnvzJt
2023-02-07 05:15:02.404971340+00:00,0.210,ok,QmZ7tjcJ6Uy71Lm5d1vKxeP1vXidy59AYCY8iYBaXQqZhw
2023-02-07 05:25:02.528819454+00:00,0.230,ok,Qmds12xqF1FrLiSNHw1J4zFSEzKjPHH8eR2YVDcTxaWrjm
2023-02-07 05:35:02.270034059+00:00,0.323,ok,QmY7WN9c7FmqhhCCAj9x9ZWV23QZht2CcRkqRgbotXzqzz
2023-02-07 05:45:02.048525692+00:00,0.258,ok,Qmf9YPdXD4zG1j6LrvfkysBNdAwFb1868fj2CqnJaWR2Zq
2023-02-07 05:55:02.223507221+00:00,0.279,ok,QmbikXQW5E5JNqMNyaApi8guu6DD8cBP5gowjR5mAS445Q
2023-02-07 06:05:02.676545746+00:00,0.191,ok,QmdLEtSE4rHq77GTyg1pdwRoU3o38kNwxd5hA9LDYha991
2023-02-07 06:15:02.323303045+00:00,0.192,ok,Qmc9WXH54LAPHY7xazN4pRsZbYAiLRVKnigTugBH5FrWyg
2023-02-07 06:25:02.957123623+00:00,0.703,ok,QmZL3B11Zowhc9CyyjiSMdPb9SRL6wtAgTctofj96nx8Eo
2023-02-07 06:35:02.403583527+00:00,0.823,ok,QmaTJgnSLFNTG4H7ouyEncSFDpsYpdEJWuyRrykrAFCne7
2023-02-07 06:45:02.644589107+00:00,0.694,ok,QmX6awRaoTrmA59VAC28PC56Q2Lk4AAUjPgJDZaqVizEyJ
2023-02-07 06:55:02.531162962+00:00,0.211,ok,QmXdqVS16RG84VAtyeD19xZ51B21Y29H7n7C4yQE7hAvSH
2023-02-07 07:05:02.468599873+00:00,0.219,ok,QmYBt9UggKnozkzoS3eTRGUDF6GTadheUR7X4g1W8G3qhX
2023-02-07 07:15:02.557933808+00:00,0.230,ok,QmbJHukyxbtBDMJDrv8YhENaauyAfpRNuJ1xPb6G47ACbS
2023-02-07 07:25:02.648914515+00:00,0.274,ok,QmWd1xgh5Z6J96wXQC5Gjk2JxDWYWBrNGy5NtK3faJCWNR
2023-02-07 07:35:02.250907118+00:00,0.279,ok,QmUuiFD4sLVAwzbomF3TB7sJ75AtcyNA2up9Ffw1QmeFoK
2023-02-07 07:45:02.357173489+00:00,0.218,ok,QmR1L9h9DSQ1UZW5TgJhMcpPfdcY3f6CnnjtvpivZewcLD
2023-02-07 07:55:02.930868502+00:00,0.326,ok,QmUTNvSqu7didpwHY2v5mLCLHHjN9y1UDCt1k9ysZhkfb7
2023-02-07 08:05:02.880921923+00:00,0.290,ok,QmfQMDzAL11bsD3bLC55mBfxDNndR9xh8wvnH21DryTk3N
2023-02-07 08:15:02.175772572+00:00,0.378,ok,QmQjUBeohNJw4J3s8wYLfkGMMLb8kpZRfMDGrkuy8XoMiH
2023-02-07 08:35:02.855049680+00:00,0.263,ok,QmWF7itLoVGWC1ihxTncjYbEPkQVUXxYdkpDRjbR8jaoLC
2023-02-07 08:45:02.664482608+00:00,0.196,ok,QmPX1VRT4cohb8q81gC6mVRYWK73ofsVdWYsFagUV6optS
2023-02-07 08:55:02.561657069+00:00,0.189,ok,QmUAcdvGx6W8TCKQ6rAYNuoYC57GuABs1SEL13k6QFhk6e
2023-02-07 09:05:01.828998270+00:00,0.190,ok,QmavTbb5bHnmguwNSQLTxe98oEKgYctsHz8oiPhB8jcZV2
2023-02-07 09:15:02.014275279+00:00,0.234,ok,QmZZtyt45mxi9YDCs9sswuThU5vpsyzcMxf6VYEsuJNvBn
2023-02-07 09:25:02.652347721+00:00,0.288,ok,QmbY3ivSCSmQnxnwShWngmFyBTkxcSTsfZSsZWB1HR3poi
2023-02-07 09:35:02.662410284+00:00,0.264,ok,QmaxFeT6amxHKjDxbGe8p3kNuGDNKXF3DS9Cno5oVUCN33
2023-02-07 09:45:02.515877015+00:00,0.345,ok,QmTk3V8ng152xrzXS9J9GVf5Ye6hPxWfNLz8aMGSVY6aGH
2023-02-07 09:55:01.882964916+00:00,0.183,ok,QmeoyKMqP8bX5zQbLDEbuVBv38b2fxyD97Yej1NTbw4wvf
2023-02-07 10:05:02.710349579+00:00,0.316,ok,QmeYB6DKBHHQBRKubG1UTypr2F17f77pZc7uqy4uczDWBH
2023-02-07 10:15:02.691781291+00:00,0.208,ok,Qme49gZ7jvBCPN9EpyV9N6payqprd6WHjCp1uw4snUFdPB
2023-02-07 10:25:02.429117038+00:00,0.281,ok,QmYvswoRtScdBVn5H5NMCEvp1LaUxyeWNDPTLFEgfwsmi9
2023-02-07 10:35:02.695280726+00:00,0.245,ok,QmNVVWyW1x9Y97csADFn1uwfXwz2QXp78EGRDn3zRTufCB
2023-02-07 10:45:02.088010249+00:00,0.187,ok,QmSC5MsP419wLv8UqHBeCxboSBr86bEeoCwSH7FxMwQwm6
2023-02-07 10:55:03.019420118+00:00,0.496,ok,QmQXGtDy1SKR68ro19ecM8Wsi43DwHdAWj3GiHbjgDNzHU
2023-02-07 11:05:01.722312918+00:00,0.265,ok,Qmdd1bSeGtR3fpgubmLB81VsTvfhRGR1TtJFPeodLKWkkn
2023-02-07 11:15:01.807126894+00:00,0.258,ok,Qmazqb5YXP1odvZLpU5Gjbwd7DmfK19daTVWtdiopzeCzt
2023-02-07 11:25:02.321881970+00:00,0.278,ok,QmYrhtmHJ3hqph47Rwgw9xKoAJsT1H1EenzdkwfSaPxHkW
2023-02-07 11:35:02.515344270+00:00,0.189,ok,QmUR8VGheX1LdLWxDQYLVq8Qq14fWen1ukS2G3RccD9sdW
2023-02-07 11:45:02.271694066+00:00,0.296,ok,QmQGDKzYzzecZxkFHS5ps8BpwxGbYdHdYKTDAzBmA36ouc
2023-02-07 11:55:02.812953153+00:00,0.416,ok,QmcW1RKSkNS1goLrs5Dn4Ltp2ZqJyFYTT4r7DvNFQ4yw1v
2023-02-07 12:05:02.783710862+00:00,0.787,ok,QmRXwAqHDBgffpdRNAeeKr1JTZEQHTEgaubpzxq5AKHCZu
2023-02-07 12:25:02.129078471+00:00,0.276,ok,QmNhXF4BGtQnd6knWq9vuAuDpy9ETcrxW12LB253kiQ6bL
2023-02-07 12:35:01.931235027+00:00,0.285,ok,QmcNQ7VBmWZPcoK4WLzumf6b5aYN2BwubDgWa2WhPcdXVj
2023-02-07 12:45:02.148057263+00:00,0.252,ok,QmQoLiuhKgxutusHo9vbTdRx3BWndvur9wMuRu9GxMnz1h
2023-02-07 12:55:02.940528109+00:00,0.737,ok,Qmcny6EbVWoqLFpEHgBkpfjPFbU7nmdEAxzEAG4MQ5cE7e
2023-02-07 13:05:01.852117214+00:00,0.198,ok,QmbKCxq9R5j4Ljk7NHG8koZaeFb3Weutx8fUhzt1JPSHuU
